product_name,brand,price,image_url,switch_type,connection,layout,key_force,weight_g,wireless_type,engraving,backlight,raw_switch_name,switch_name,switch_manufacturer,product_code,media_url,price_compare_url,media_url_is_placeholder
AULA F108 PRO 유무선 기계식 치즈 화이트 한글,AULA,99000,https://img.danuri.io/catalog-image/476/026/094/a2377078683d4985b1880e8ea1f7a7a4.jpg?shrink=130:130&_v=20260617110457,기계식,유선+무선,풀배열,43g,1020,"전용동글(리시버), 블루투스",한/영 정각,RGB 백라이트,경해축,Blue Whale 경해축,,94026473,https://www.youtube.com/watch?v=5D_H8O8LeZ0,https://prod.danawa.com/info/?pcode=94026473&cate=112782,False
AULA F108 PRO 유무선 기계식 치즈 화이트 한글,AULA,85000,https://img.danuri.io/catalog-image/476/026/094/a2377078683d4985b1880e8ea1f7a7a4.jpg?shrink=130:130&_v=20260617110457,기계식,유선+무선,풀배열,43g,1020,"전용동글(리시버), 블루투스",한/영 정각,RGB 백라이트,세이야축,SEIYA 세이야,,94026470,https://www.youtube.com/watch?v=1pe--2ZYUH4,https://prod.danawa.com/info/?pcode=94026470&cate=112782,False
AULA F108 PRO 유무선 기계식 치즈 화이트 한글,AULA,89000,https://img.danuri.io/catalog-image/476/026/094/a2377078683d4985b1880e8ea1f7a7a4.jpg?shrink=130:130&_v=20260617110457,기계식,유선+무선,풀배열,43g,1020,"전용동글(리시버), 블루투스",한/영 정각,RGB 백라이트,저소음 바다축,,,94026476,https://www.youtube.com/watch?v=pZ7a-md9q5s,https://prod.danawa.com/info/?pcode=94026476&cate=112782,False
AULA F108 PRO 유무선 기계식 치즈 화이트 한글,AULA,89000,https://img.danuri.io/catalog-image/476/026/094/a2377078683d4985b1880e8ea1f7a7a4.jpg?shrink=130:130&_v=20260617110457,기계식,유선+무선,풀배열,43g,1020,"전용동글(리시버), 블루투스",한/영 정각,RGB 백라이트,저소음 솜사탕축,,,94026467,https://www.youtube.com/watch?v=pZ7a-md9q5s,https://prod.danawa.com/info/?pcode=94026467&cate=112782,False
로지텍 KEYS-TO-GO 2 (정품),로지텍,89000,https://img.danuri.io/catalog-image/382/164/062/e4b4351b046d4fd1b46eec78855b5235.jpg?shrink=130:130&_v=20260617080443,펜타그래프,무선,미니,0g,222,블루투스,한/영 정각,없음,,,,62164382,,https://prod.danawa.com/info/?pcode=62164382&cate=112782,True
FL-ESPORTS NX108 유무선 기계식 크림 말차,FL-ESPORTS,77000,https://img.danuri.io/catalog-image/377/122/097/c7cdfec0c9dd483994d08f9b8d4f1a07.jpg?shrink=130:130&_v=20260617080451,기계식,유선+무선,풀배열,43g,1180,"전용동글(리시버), 블루투스",한/영 정각,RGB 백라이트,리치베리축,,,97122362,https://www.youtube.com/watch?v=tkVNPzFJTbA,https://prod.danawa.com/info/?pcode=97122362&cate=112782,False
FL-ESPORTS NX108 유무선 기계식 크림 말차,FL-ESPORTS,82000,https://img.danuri.io/catalog-image/377/122/097/c7cdfec0c9dd483994d08f9b8d4f1a07.jpg?shrink=130:130&_v=20260617080451,기계식,유선+무선,풀배열,43g,1180,"전용동글(리시버), 블루투스",한/영 정각,RGB 백라이트,저소음 갈축,,,104964920,https://www.youtube.com/watch?v=tkVNPzFJTbA,https://prod.danawa.com/info/?pcode=104964920&cate=112782,False
FL-ESPORTS NX108 유무선 기계식 크림 말차,FL-ESPORTS,82000,https://img.danuri.io/catalog-image/377/122/097/c7cdfec0c9dd483994d08f9b8d4f1a07.jpg?shrink=130:130&_v=20260617080451,기계식,유선+무선,풀배열,43g,1180,"전용동글(리시버), 블루투스",한/영 정각,RGB 백라이트,저소음 스노우축,,,97122386,https://www.youtube.com/watch?v=08FOYB9rzfE,https://prod.danawa.com/info/?pcode=97122386&cate=112782,False
FL-ESPORTS NX108 유무선 기계식 크림 말차,FL-ESPORTS,82000,https://img.danuri.io/catalog-image/377/122/097/c7cdfec0c9dd483994d08f9b8d4f1a07.jpg?shrink=130:130&_v=20260617080451,기계식,유선+무선,풀배열,43g,1180,"전용동글(리시버), 블루투스",한/영 정각,RGB 백라이트,저소음 파도축,,,97122377,https://www.youtube.com/watch?v=tkVNPzFJTbA,https://prod.danawa.com/info/?pcode=97122377&cate=112782,False
AULA F87 Pro 기계식 다크 올리비아 한글,AULA,42800,https://img.danuri.io/catalog-image/976/466/063/0b2065d34e0d4c87b1f55c8111f2ec38.jpg?shrink=130:130&_v=20260617080438,기계식,유선,텐키리스,43g,916,유선,한/영 정각,RGB 백라이트,세이야축,SEIYA 세이야,,63466952,https://www.youtube.com/watch?v=vVz-2C7XTt0,https://prod.danawa.com/info/?pcode=63466952&cate=112782,False
AULA F87 Pro 기계식 다크 올리비아 한글,AULA,48000,https://img.danuri.io/catalog-image/976/466/063/0b2065d34e0d4c87b1f55c8111f2ec38.jpg?shrink=130:130&_v=20260617080438,기계식,유선,텐키리스,43g,916,유선,한/영 정각,RGB 백라이트,저소음 바다축,,,63466976,https://www.youtube.com/watch?v=u5ECTg57FX8,https://prod.danawa.com/info/?pcode=63466976&cate=112782,False
앱코 K560 축교환 레인보우 무빙 LED 기계식 블랙,앱코,27900,https://img.danuri.io/catalog-image/190/363/013/e2bb0e5726a0479dad2163b6a77bfce8.jpg?shrink=130:130&_v=20260617201017,기계식,유선,풀배열,45g,840,유선,정보없음,레인보우 백라이트,갈축,,JIXIAN,13363187,https://www.youtube.com/watch?v=KQ5xYEmuByU,https://prod.danawa.com/info/?pcode=13363187&cate=112782,False
앱코 K560 축교환 레인보우 무빙 LED 기계식 블랙,앱코,27900,https://img.danuri.io/catalog-image/190/363/013/e2bb0e5726a0479dad2163b6a77bfce8.jpg?shrink=130:130&_v=20260617201017,기계식,유선,풀배열,45g,840,유선,정보없음,레인보우 백라이트,적축,,JIXIAN,13363190,https://www.youtube.com/watch?v=KQ5xYEmuByU,https://prod.danawa.com/info/?pcode=13363190&cate=112782,False
앱코 K560 축교환 레인보우 무빙 LED 기계식 블랙,앱코,27900,https://img.danuri.io/catalog-image/190/363/013/e2bb0e5726a0479dad2163b6a77bfce8.jpg?shrink=130:130&_v=20260617201017,기계식,유선,풀배열,45g,840,유선,정보없음,레인보우 백라이트,청축,,JIXIAN,13363175,https://www.youtube.com/watch?v=xBDSs_k9e_c,https://prod.danawa.com/info/?pcode=13363175&cate=112782,False
AULA F108 기계식 라이트 그레이,AULA,59000,https://img.danuri.io/catalog-image/050/423/108/849d4b0d6a88421299ec7bd316e78dc2.jpg?shrink=130:130&_v=20260617080613,기계식,유선,풀배열,43g,1027,유선,한/영 정각,RGB 백라이트,세이야축,SEIYA 세이야,,108423053,https://www.youtube.com/watch?v=9VbkoWvFPIA,https://prod.danawa.com/info/?pcode=108423053&cate=112782,False
AULA F108 기계식 라이트 그레이,AULA,65000,https://img.danuri.io/catalog-image/050/423/108/849d4b0d6a88421299ec7bd316e78dc2.jpg?shrink=130:130&_v=20260617080613,기계식,유선,풀배열,43g,1027,유선,한/영 정각,RGB 백라이트,저소음 바다축,,,108423050,https://www.youtube.com/watch?v=pZ7a-md9q5s,https://prod.danawa.com/info/?pcode=108423050&cate=112782,False
앱코 HACKER K640 축교환 게이밍 기계식 블랙,앱코,42000,https://img.danuri.io/catalog-image/084/709/004/1b79a2c70e9f4d3bac552f83034a2c28.jpg?shrink=130:130&_v=20260617092753,기계식,유선,풀배열,50g,1050,유선,한/영 정각,레인보우 백라이트,적축,,GTMX,5040324,https://www.youtube.com/watch?v=jsFJGFMZXfk,https://prod.danawa.com/info/?pcode=5040324&cate=112782,False
앱코 HACKER K640 축교환 게이밍 기계식 블랙,앱코,42000,https://img.danuri.io/catalog-image/084/709/004/1b79a2c70e9f4d3bac552f83034a2c28.jpg?shrink=130:130&_v=20260617092753,기계식,유선,풀배열,50g,1050,유선,한/영 정각,레인보우 백라이트,갈축,,GTMX,5040307,https://www.youtube.com/watch?v=jsFJGFMZXfk,https://prod.danawa.com/info/?pcode=5040307&cate=112782,False
앱코 HACKER K640 축교환 게이밍 기계식 블랙,앱코,42000,https://img.danuri.io/catalog-image/084/709/004/1b79a2c70e9f4d3bac552f83034a2c28.jpg?shrink=130:130&_v=20260617092753,기계식,유선,풀배열,50g,1050,유선,한/영 정각,레인보우 백라이트,청축,,GTMX,4709084,https://www.youtube.com/watch?v=jsFJGFMZXfk,https://prod.danawa.com/info/?pcode=4709084&cate=112782,False
로지텍 MX Keys S (정품),로지텍,149490,https://img.danuri.io/catalog-image/697/437/020/303bda60ac8242179bd4834dd3a5746a.jpg?shrink=130:130&_v=20260617124557,펜타그래프,무선,풀배열,0g,810,블루투스,정보없음,단색 백라이트,,,,20437697,,https://prod.danawa.com/info/?pcode=20437697&cate=112782,True
AULA F87 Pro 유무선 기계식 인디고 블랙 한글,AULA,67000,https://img.danuri.io/catalog-image/527/437/061/87658a419b3043f69c0a7eda766ab4ed.jpeg?shrink=130:130&_v=20260617080447,기계식,유선+무선,텐키리스,35g,916,"전용동글(리시버), 블루투스",한/영 정각,RGB 백라이트,저소음 솜사탕축,,오테뮤,94998188,https://www.youtube.com/watch?v=b3QMonzqeg0,https://prod.danawa.com/info/?pcode=94998188&cate=112782,False
AULA F87 Pro 유무선 기계식 인디고 블랙 한글,AULA,67000,https://img.danuri.io/catalog-image/527/437/061/87658a419b3043f69c0a7eda766ab4ed.jpeg?shrink=130:130&_v=20260617080447,기계식,유선+무선,텐키리스,35g,916,"전용동글(리시버), 블루투스",한/영 정각,RGB 백라이트,저소음 피치축 V2,,오테뮤,61437527,https://www.youtube.com/watch?v=hAwrs9tESpw,https://prod.danawa.com/info/?pcode=61437527&cate=112782,False
AULA F87 Pro 유무선 기계식 인디고 블랙 한글,AULA,62000,https://img.danuri.io/catalog-image/527/437/061/87658a419b3043f69c0a7eda766ab4ed.jpeg?shrink=130:130&_v=20260617080447,기계식,유선+무선,텐키리스,35g,916,"전용동글(리시버), 블루투스",한/영 정각,RGB 백라이트,황축 V3,Yellow V3 황축,오테뮤,61437491,https://www.youtube.com/watch?v=4cS8JySiHUo,https://prod.danawa.com/info/?pcode=61437491&cate=112782,False
AULA F87 Pro 유무선 기계식 인디고 블랙 한글,AULA,62000,https://img.danuri.io/catalog-image/527/437/061/87658a419b3043f69c0a7eda766ab4ed.jpeg?shrink=130:130&_v=20260617080447,기계식,유선+무선,텐키리스,35g,916,"전용동글(리시버), 블루투스",한/영 정각,RGB 백라이트,회목축 V4,Grey Wood V4 회목축,오테뮤,61437545,https://www.youtube.com/watch?v=omDPZHbdULI,https://prod.danawa.com/info/?pcode=61437545&cate=112782,False
COX CKM40W 저소음 무선 키보드 마우스 세트,COX,17900,https://img.danuri.io/catalog-image/852/118/091/35384a8093aa4dca99bcd57707692c80.jpg?shrink=130:130&_v=20260617080612,멤브레인,무선,풀배열,0g,490,[키보드] 전용동글(리시버),한/영 정각,없음,,,,91118852,,https://prod.danawa.com/info/?pcode=91118852&cate=112782,True
Razer Huntsman V3 Pro TKL 8K KR,Razer,317780,https://img.danuri.io/catalog-image/388/699/100/444dd1538aa640789efe1f612b65874d.jpg?shrink=130:130&_v=20260617103357,무접점 광축,유선,텐키리스,40g,932,유선,한/영 정각,RGB 백라이트,,,,100699388,,https://prod.danawa.com/info/?pcode=100699388&cate=112782,True
앱코 ACH105 오피스워커 유무선 기계식 앨리스블루,앱코,89000,https://img.danuri.io/catalog-image/760/690/103/d3572b09d95441fd9c842a43994f870b.jpeg?shrink=130:130&_v=20260617092833,기계식,유선+무선,풀배열,47g,1424,"전용동글(리시버), 블루투스",한/영 정각,RGB 백라이트,벚꽃축,,HAIMU,103690751,https://www.youtube.com/watch?v=LMxt0joX6fo,https://prod.danawa.com/info/?pcode=103690751&cate=112782,False
앱코 ACH105 오피스워커 유무선 기계식 앨리스블루,앱코,79000,https://img.danuri.io/catalog-image/760/690/103/d3572b09d95441fd9c842a43994f870b.jpeg?shrink=130:130&_v=20260617092833,기계식,유선+무선,풀배열,47g,1424,"전용동글(리시버), 블루투스",한/영 정각,RGB 백라이트,저소음 바다소금축,,HAIMU,103690760,https://www.youtube.com/watch?v=fpxi7qty6nM,https://prod.danawa.com/info/?pcode=103690760&cate=112782,False
앱코 ACH105 오피스워커 유무선 기계식 앨리스블루,앱코,79000,https://img.danuri.io/catalog-image/760/690/103/d3572b09d95441fd9c842a43994f870b.jpeg?shrink=130:130&_v=20260617092833,기계식,유선+무선,풀배열,47g,1424,"전용동글(리시버), 블루투스",한/영 정각,RGB 백라이트,저소음 택타일 바다소금축,,HAIMU,103690754,https://www.youtube.com/watch?v=fpxi7qty6nM,https://prod.danawa.com/info/?pcode=103690754&cate=112782,False
로지텍 시그니처 슬림 MK950 키보드 마우스 세트 (정품),로지텍,124680,https://img.danuri.io/catalog-image/404/998/049/30c2c804b3b640d39ac1c0867bf23c7e.jpg?shrink=130:130&_v=20260617233122,펜타그래프,무선,풀배열,0g,685,[키보드] 블루투스,한/영 정각,없음,,,,49998404,,https://prod.danawa.com/info/?pcode=49998404&cate=112782,True
앱코 K561 교체축 유무선 블루투스 기계식 블랙,앱코,29900,https://img.danuri.io/catalog-image/812/708/036/c644fb6ed51047419cba178591fd3ccc.jpg?shrink=130:130&_v=20260617080448,기계식,유선+무선,풀배열,45g,867,"전용동글(리시버), 블루투스",한/영 정각,없음,적축,,JIXIAN,36708812,https://www.youtube.com/watch?v=B4TPUVHm1DI,https://prod.danawa.com/info/?pcode=36708812&cate=112782,False
앱코 K561 교체축 유무선 블루투스 기계식 블랙,앱코,29900,https://img.danuri.io/catalog-image/812/708/036/c644fb6ed51047419cba178591fd3ccc.jpg?shrink=130:130&_v=20260617080448,기계식,유선+무선,풀배열,45g,867,"전용동글(리시버), 블루투스",한/영 정각,없음,갈축,,JIXIAN,36708827,https://www.youtube.com/watch?v=B4TPUVHm1DI,https://prod.danawa.com/info/?pcode=36708827&cate=112782,False
한성컴퓨터 GK698 OfficeMaster 유무선,한성컴퓨터,34900,https://img.danuri.io/catalog-image/519/752/072/0b4579d061394d40a9789926ea639c61.jpg?shrink=130:130&_v=20260617080612,펜타그래프,유선+무선,풀배열,0g,768,"전용동글(리시버), 블루투스",한/영 정각,없음,,,,72752519,,https://prod.danawa.com/info/?pcode=72752519&cate=112782,True
AULA F108 PRO 유무선 기계식 오로라 블랙 한글,AULA,89000,https://img.danuri.io/catalog-image/440/026/094/e048dc0fdeb8441194f62db164479dcd.jpg?shrink=130:130&_v=20260617110427,기계식,유선+무선,풀배열,43g,1020,"전용동글(리시버), 블루투스",한/영 정각,RGB 백라이트,저소음 바다축,,,94026440,https://www.youtube.com/watch?v=pZ7a-md9q5s,https://prod.danawa.com/info/?pcode=94026440&cate=112782,False
AULA F108 PRO 유무선 기계식 오로라 블랙 한글,AULA,99000,https://img.danuri.io/catalog-image/440/026/094/e048dc0fdeb8441194f62db164479dcd.jpg?shrink=130:130&_v=20260617110427,기계식,유선+무선,풀배열,43g,1020,"전용동글(리시버), 블루투스",한/영 정각,RGB 백라이트,경해축,Blue Whale 경해축,,94026458,https://www.youtube.com/watch?v=m4mjxl6HVMk,https://prod.danawa.com/info/?pcode=94026458&cate=112782,False
AULA F108 PRO 유무선 기계식 오로라 블랙 한글,AULA,85000,https://img.danuri.io/catalog-image/440/026/094/e048dc0fdeb8441194f62db164479dcd.jpg?shrink=130:130&_v=20260617110427,기계식,유선+무선,풀배열,43g,1020,"전용동글(리시버), 블루투스",한/영 정각,RGB 백라이트,세이야축,SEIYA 세이야,,94026449,https://www.youtube.com/watch?v=1pe--2ZYUH4,https://prod.danawa.com/info/?pcode=94026449&cate=112782,False
AULA F108 PRO 유무선 기계식 오로라 블랙 한글,AULA,89000,https://img.danuri.io/catalog-image/440/026/094/e048dc0fdeb8441194f62db164479dcd.jpg?shrink=130:130&_v=20260617110427,기계식,유선+무선,풀배열,43g,1020,"전용동글(리시버), 블루투스",한/영 정각,RGB 백라이트,저소음 솜사탕축,,,94026455,https://www.youtube.com/watch?v=pZ7a-md9q5s,https://prod.danawa.com/info/?pcode=94026455&cate=112782,False
지클릭커 오피스프로 WK35,지클릭커,29800,https://img.danuri.io/catalog-image/383/643/122/b0995ffc8a854475a547f5822af98349.jpeg?shrink=130:130&_v=20260617080419,펜타그래프,무선,미니,0g,280,블루투스,한/영 정각,없음,,,,122643383,,https://prod.danawa.com/info/?pcode=122643383&cate=112782,True
AULA S102Pro 유무선,AULA,29800,https://img.danuri.io/catalog-image/247/222/106/77dcaa2d3f6941999776b20d08204273.jpg?shrink=130:130&_v=20260617080448,멤브레인,유선+무선,풀배열,0g,820,"전용동글(리시버), 블루투스",레이저각인 키캡,RGB 백라이트,,,,106222247,,https://prod.danawa.com/info/?pcode=106222247&cate=112782,True
AULA F87 Pro 기계식 라이트 올리비아 한글,AULA,48000,https://img.danuri.io/catalog-image/021/467/063/4fdde6443e6b45cda77338373fdb677d.jpg?shrink=130:130&_v=20260617080551,기계식,유선,텐키리스,43g,916,유선,한/영 정각,RGB 백라이트,저소음 바다축,,,63467021,https://www.youtube.com/watch?v=hAwrs9tESpw,https://prod.danawa.com/info/?pcode=63467021&cate=112782,False
AULA F87 Pro 기계식 라이트 올리비아 한글,AULA,42800,https://img.danuri.io/catalog-image/021/467/063/4fdde6443e6b45cda77338373fdb677d.jpg?shrink=130:130&_v=20260617080551,기계식,유선,텐키리스,43g,916,유선,한/영 정각,RGB 백라이트,세이야축,SEIYA 세이야,,63467006,https://www.youtube.com/watch?v=KXprwXXHeHI,https://prod.danawa.com/info/?pcode=63467006&cate=112782,False
로지텍 MK345 (정품),로지텍,40080,https://img.danuri.io/catalog-image/153/904/002/299a44169a9e4a89bf41c9c19e3f6fba.jpg?shrink=130:130&_v=20260617095738,멤브레인,무선,풀배열,0g,603,[키보드] 전용동글(리시버),한/영 정각,없음,,,,2904153,,https://prod.danawa.com/info/?pcode=2904153&cate=112782,True
한성컴퓨터 TFG Magnetox 2XF,한성컴퓨터,94000,https://img.danuri.io/catalog-image/410/680/109/eedc43a4bfb64ac1994ccd41e99cdf70.jpg?shrink=130:130&_v=20260617080613,무접점 자석축,유선,풀배열,35g,1233,유선,한/영 정각,RGB 백라이트,,,,109680410,,https://prod.danawa.com/info/?pcode=109680410&cate=112782,True
CORSAIR K70 RGB PRO,CORSAIR,153000,https://img.danuri.io/catalog-image/009/388/016/83d3a55d3c38462eb41e2b77cfc0a478.jpg?shrink=130:130&_v=20260617170633,기계식,유선,풀배열,45g,1150,유선,한/영 정각,RGB 백라이트,적축,MX Red,체리,16387952,https://www.youtube.com/watch?v=XOOyNmjdkRA,https://prod.danawa.com/info/?pcode=16387952&cate=112782,False
CORSAIR K70 RGB PRO,CORSAIR,153000,https://img.danuri.io/catalog-image/009/388/016/83d3a55d3c38462eb41e2b77cfc0a478.jpg?shrink=130:130&_v=20260617170633,기계식,유선,풀배열,45g,1150,유선,한/영 정각,RGB 백라이트,저소음 적축,,체리,16388009,https://www.youtube.com/watch?v=KOvHcpB3-4Q,https://prod.danawa.com/info/?pcode=16388009&cate=112782,False
CORSAIR K70 RGB PRO,CORSAIR,153000,https://img.danuri.io/catalog-image/009/388/016/83d3a55d3c38462eb41e2b77cfc0a478.jpg?shrink=130:130&_v=20260617170633,기계식,유선,풀배열,45g,1150,유선,한/영 정각,RGB 백라이트,갈축,,체리,16387904,https://www.youtube.com/watch?v=hlSAXcuyRrE,https://prod.danawa.com/info/?pcode=16387904&cate=112782,False
CORSAIR K70 RGB PRO,CORSAIR,175000,https://img.danuri.io/catalog-image/009/388/016/83d3a55d3c38462eb41e2b77cfc0a478.jpg?shrink=130:130&_v=20260617170633,기계식,유선,풀배열,45g,1150,유선,한/영 정각,RGB 백라이트,스피드 은축,,체리,16388081,https://www.youtube.com/watch?v=rtzKp5dxejw,https://prod.danawa.com/info/?pcode=16388081&cate=112782,False
CORSAIR K70 RGB PRO,CORSAIR,175000,https://img.danuri.io/catalog-image/009/388/016/83d3a55d3c38462eb41e2b77cfc0a478.jpg?shrink=130:130&_v=20260617170633,기계식,유선,풀배열,45g,1150,유선,한/영 정각,RGB 백라이트,청축,,체리,16387832,https://www.youtube.com/watch?v=XOOyNmjdkRA,https://prod.danawa.com/info/?pcode=16387832&cate=112782,False
로지텍 MK235 (정품),로지텍,25390,https://img.danuri.io/catalog-image/967/798/003/ce82aca400e3421ab2018032ecb4f45d.jpg?shrink=130:130&_v=20260617124738,멤브레인,무선,풀배열,0g,475,[키보드] 전용동글(리시버),한/영 정각,없음,,,,3798967,,https://prod.danawa.com/info/?pcode=3798967&cate=112782,True
FL-ESPORTS OG104 유무선 핫스왑 풀윤활 기계식 그레이 한글,FL-ESPORTS,159000,https://img.danuri.io/catalog-image/029/708/036/90a602fcf20e4c558f1e54208a379263.jpg?shrink=130:130&_v=20260617080448,기계식,유선+무선,풀배열,45g,1370,"전용동글(리시버), 블루투스",한/영 정각,RGB 백라이트,저소음 크림축,Silent Cream 저소음 크림,카일,36708029,https://www.youtube.com/watch?v=zHeVW5FVpBo,https://prod.danawa.com/info/?pcode=36708029&cate=112782,False
FL-ESPORTS OG104 유무선 핫스왑 풀윤활 기계식 그레이 한글,FL-ESPORTS,149000,https://img.danuri.io/catalog-image/029/708/036/90a602fcf20e4c558f1e54208a379263.jpg?shrink=130:130&_v=20260617080448,기계식,유선+무선,풀배열,45g,1370,"전용동글(리시버), 블루투스",한/영 정각,RGB 백라이트,민트축,,카일,36707879,,https://prod.danawa.com/info/?pcode=36707879&cate=112782,True
로지텍 G413 SE (정품),로지텍,75050,https://img.danuri.io/catalog-image/631/396/016/9e13839e84f04030ad58047dfd467b7e.jpg?shrink=130:130&_v=20260617080451,기계식,유선,풀배열,50g,780,유선,정보없음,단색 백라이트,,,,16396631,,https://prod.danawa.com/info/?pcode=16396631&cate=112782,True
로지텍 Pebble 2 Combo 무선 키보드 마우스 세트 (정품),로지텍,62900,https://img.danuri.io/catalog-image/624/753/029/d8aec51f223a4417b64dd9844d4cedbb.jpg?shrink=130:130&_v=20260617080507,펜타그래프,무선,미니,0g,415,[키보드] 블루투스,한/영 정각,없음,,,,29753624,,https://prod.danawa.com/info/?pcode=29753624&cate=112782,True
앱코 K517 레트로 기계식,앱코,27900,https://img.danuri.io/catalog-image/243/878/018/fd784e74dbff43afa9a3ad8a267caf74.jpg?shrink=130:130&_v=20260617201227,기계식,유선,풀배열,45g,820,유선,한/영 정각,없음,적축,,GTMX,18878243,https://www.youtube.com/watch?v=3DK_pQfXP8w,https://prod.danawa.com/info/?pcode=18878243&cate=112782,False
앱코 K517 레트로 기계식,앱코,27900,https://img.danuri.io/catalog-image/243/878/018/fd784e74dbff43afa9a3ad8a267caf74.jpg?shrink=130:130&_v=20260617201227,기계식,유선,풀배열,45g,820,유선,한/영 정각,없음,갈축,,GTMX,20118203,https://www.youtube.com/watch?v=GsosdOR8abs,https://prod.danawa.com/info/?pcode=20118203&cate=112782,False
앱코 K517 레트로 기계식,앱코,27900,https://img.danuri.io/catalog-image/243/878/018/fd784e74dbff43afa9a3ad8a267caf74.jpg?shrink=130:130&_v=20260617201227,기계식,유선,풀배열,45g,820,유선,한/영 정각,없음,청축,,GTMX,20118197,https://www.youtube.com/watch?v=B4TPUVHm1DI,https://prod.danawa.com/info/?pcode=20118197&cate=112782,False
한성컴퓨터 TFG Magnetox 2XL,한성컴퓨터,84000,https://img.danuri.io/catalog-image/419/680/109/81a4665346d34a4bb69b23777fa1802c.jpg?shrink=130:130&_v=20260617092923,무접점 자석축,유선,텐키리스,35g,1042,유선,한/영 정각,RGB 백라이트,,,,109680419,,https://prod.danawa.com/info/?pcode=109680419&cate=112782,True
CORSAIR K70 MAX RGB MGX 게이밍 기계식,CORSAIR,269000,https://img.danuri.io/catalog-image/863/546/027/060ac8bd44f94904813ddaba9af064fd.jpg?shrink=130:130&_v=20260617080501,무접점 자석축,유선,풀배열,45g,1390,유선,한/영 정각,RGB 백라이트,마그네틱축,,CORSAIR MGX,27546863,https://www.youtube.com/watch?v=dnfZh4XfiK4,https://prod.danawa.com/info/?pcode=27546863&cate=112782,False
한성컴퓨터 TFG Magnetox 2XF 저소음,한성컴퓨터,104000,https://img.danuri.io/catalog-image/051/622/122/0c7628f3d9ff448ba99b54ed36f1f31e.jpg?shrink=130:130&_v=20260617092648,무접점 자석축,유선,풀배열,35g,1233,유선,한/영 정각,RGB 백라이트,,,,122622051,,https://prod.danawa.com/info/?pcode=122622051&cate=112782,True
COX CK01 PBT SL 기계식 키보드,COX,38000,https://img.danuri.io/catalog-image/441/185/015/272a28b726ae4d6d8af18106ad9d73f5.jpg?shrink=130:130&_v=20260617080507,기계식,유선,풀배열,60g,784,유선,정보없음,없음,저소음 백축,,GTMX,15185441,https://www.youtube.com/watch?v=0QsVyvtCzig,https://prod.danawa.com/info/?pcode=15185441&cate=112782,False
앱코 AF108PRO ABKO x SOAI 콜라보 3모드 기계식 와인그레이,앱코,87000,https://img.danuri.io/catalog-image/325/633/122/b5209cd9cd3f41988cbaca31f3f90bd3.jpeg?shrink=130:130&_v=20260617080443,기계식,유선+무선,풀배열,42g,1029,"전용동글(리시버), 블루투스",한/영 정각,RGB 백라이트,경해축,Blue Whale 경해축,,122633320,https://www.youtube.com/watch?v=XLbmHbeRD_c,https://prod.danawa.com/info/?pcode=122633320&cate=112782,False
앱코 AF108PRO ABKO x SOAI 콜라보 3모드 기계식 와인그레이,앱코,74000,https://img.danuri.io/catalog-image/325/633/122/b5209cd9cd3f41988cbaca31f3f90bd3.jpeg?shrink=130:130&_v=20260617080443,기계식,유선+무선,풀배열,42g,1029,"전용동글(리시버), 블루투스",한/영 정각,RGB 백라이트,세이야축,SEIYA 세이야,,122633313,https://www.youtube.com/watch?v=XLbmHbeRD_c,https://prod.danawa.com/info/?pcode=122633313&cate=112782,False
앱코 AF108PRO ABKO x SOAI 콜라보 3모드 기계식 와인그레이,앱코,79000,https://img.danuri.io/catalog-image/325/633/122/b5209cd9cd3f41988cbaca31f3f90bd3.jpeg?shrink=130:130&_v=20260617080443,기계식,유선+무선,풀배열,42g,1029,"전용동글(리시버), 블루투스",한/영 정각,RGB 백라이트,소복눈축,,,122633325,https://www.youtube.com/watch?v=XLbmHbeRD_c,https://prod.danawa.com/info/?pcode=122633325&cate=112782,False
앱코 AF108PRO ABKO x SOAI 콜라보 3모드 기계식 와인그레이,앱코,79000,https://img.danuri.io/catalog-image/325/633/122/b5209cd9cd3f41988cbaca31f3f90bd3.jpeg?shrink=130:130&_v=20260617080443,기계식,유선+무선,풀배열,42g,1029,"전용동글(리시버), 블루투스",한/영 정각,RGB 백라이트,저소음 너울축,,,122633317,https://www.youtube.com/watch?v=XLbmHbeRD_c,https://prod.danawa.com/info/?pcode=122633317&cate=112782,False
앱코 K561 교체축 유무선 블루투스 기계식 화이트,앱코,29900,https://img.danuri.io/catalog-image/887/708/036/856053bfa47e4092a955cd066c7f15cd.jpg?shrink=130:130&_v=20260617092632,기계식,유선+무선,풀배열,45g,867,"전용동글(리시버), 블루투스",한/영 정각,없음,적축,,JIXIAN,36708881,https://www.youtube.com/watch?v=B4TPUVHm1DI,https://prod.danawa.com/info/?pcode=36708881&cate=112782,False
앱코 K561 교체축 유무선 블루투스 기계식 화이트,앱코,29900,https://img.danuri.io/catalog-image/887/708/036/856053bfa47e4092a955cd066c7f15cd.jpg?shrink=130:130&_v=20260617092632,기계식,유선+무선,풀배열,45g,867,"전용동글(리시버), 블루투스",한/영 정각,없음,갈축,,JIXIAN,36708887,https://www.youtube.com/watch?v=B4TPUVHm1DI,https://prod.danawa.com/info/?pcode=36708887&cate=112782,False
앱코 K561 교체축 유무선 블루투스 기계식 화이트,앱코,38890,https://img.danuri.io/catalog-image/887/708/036/856053bfa47e4092a955cd066c7f15cd.jpg?shrink=130:130&_v=20260617092632,기계식,유선+무선,풀배열,45g,867,"전용동글(리시버), 블루투스",한/영 정각,없음,청축,,JIXIAN,36708878,https://www.youtube.com/watch?v=B4TPUVHm1DI,https://prod.danawa.com/info/?pcode=36708878&cate=112782,False
CHERRY XTRFY K37 유무선,CHERRY,58000,https://img.danuri.io/catalog-image/029/618/122/7d7489146e87475a8e6dea458cbb8771.jpeg?shrink=130:130&_v=20260617080507,멤브레인,유선+무선,98키,0g,750,"전용동글(리시버), 블루투스",한/영 정각,RGB 백라이트,,,,122618029,,https://prod.danawa.com/info/?pcode=122618029&cate=112782,True
AULA F87 Pro 유무선 기계식 올리비아 화이트 한글,AULA,67000,https://img.danuri.io/catalog-image/155/826/059/0b00ef60e7c049bdaac0b8e8f49fa68d.jpeg?shrink=130:130&_v=20260617080448,기계식,유선+무선,텐키리스,35g,916,"전용동글(리시버), 블루투스",한/영 정각,RGB 백라이트,저소음 솜사탕축,,오테뮤,94026245,https://www.youtube.com/watch?v=hAwrs9tESpw,https://prod.danawa.com/info/?pcode=94026245&cate=112782,False
AULA F87 Pro 유무선 기계식 올리비아 화이트 한글,AULA,62400,https://img.danuri.io/catalog-image/155/826/059/0b00ef60e7c049bdaac0b8e8f49fa68d.jpeg?shrink=130:130&_v=20260617080448,기계식,유선+무선,텐키리스,35g,916,"전용동글(리시버), 블루투스",한/영 정각,RGB 백라이트,저소음 피치축 V2,,오테뮤,59826155,https://www.youtube.com/watch?v=hAwrs9tESpw,https://prod.danawa.com/info/?pcode=59826155&cate=112782,False
AULA F87 Pro 유무선 기계식 올리비아 화이트 한글,AULA,62000,https://img.danuri.io/catalog-image/155/826/059/0b00ef60e7c049bdaac0b8e8f49fa68d.jpeg?shrink=130:130&_v=20260617080448,기계식,유선+무선,텐키리스,35g,916,"전용동글(리시버), 블루투스",한/영 정각,RGB 백라이트,황축 V3,Yellow V3 황축,오테뮤,59826398,https://www.youtube.com/watch?v=4cS8JySiHUo,https://prod.danawa.com/info/?pcode=59826398&cate=112782,False
AULA F87 Pro 유무선 기계식 올리비아 화이트 한글,AULA,62000,https://img.danuri.io/catalog-image/155/826/059/0b00ef60e7c049bdaac0b8e8f49fa68d.jpeg?shrink=130:130&_v=20260617080448,기계식,유선+무선,텐키리스,35g,916,"전용동글(리시버), 블루투스",한/영 정각,RGB 백라이트,회목축 V4,Grey Wood V4 회목축,오테뮤,59826344,https://www.youtube.com/watch?v=omDPZHbdULI,https://prod.danawa.com/info/?pcode=59826344&cate=112782,False
CORSAIR K70 RGB CORE 게이밍 기계식,CORSAIR,93000,https://img.danuri.io/catalog-image/439/603/028/98d6f09f06e0454299efc8955ce3377f.jpg?shrink=130:130&_v=20260617190652,기계식,유선,풀배열,45g,934,유선,정보없음,RGB 백라이트,,,CROSAIR,28603439,,https://prod.danawa.com/info/?pcode=28603439&cate=112782,True
SPM PL108W 아라 유무선 기계식 화이트,SPM,71000,https://img.danuri.io/catalog-image/554/635/091/7989697d2abd43c0a75e57c6705c611e.jpg?shrink=130:130&_v=20260617085002,기계식,유선+무선,풀배열,42g,1107,"블루투스, 전용동글(리시버)",한/영 정각,RGB 백라이트,,,,91635554,,https://prod.danawa.com/info/?pcode=91635554&cate=112782,True
darkFlash GD108 유무선 기계식,darkFlash,54890,https://img.danuri.io/catalog-image/333/470/021/ce74d723fd9f4720af428da5104f4eb5.jpg?shrink=130:130&_v=20260617080502,기계식,유선+무선,풀배열,45g,1024,전용동글(리시버),한/영 정각,없음,,,,21470333,,https://prod.danawa.com/info/?pcode=21470333&cate=112782,True
앱코 K26 3모드 무선 QMK VIA,앱코,39900,https://img.danuri.io/catalog-image/057/533/078/446fe9c2eb4e4568bb39fbca0bf12216.jpg?shrink=130:130&_v=20260617164947,기계식,유선+무선,26키,37g,304,"전용동글(리시버), 블루투스",정보없음,RGB 백라이트,,,,78533057,,https://prod.danawa.com/info/?pcode=78533057&cate=112782,True
앱코 AM61 자석축 래피드 트리거,앱코,38400,https://img.danuri.io/catalog-image/238/235/060/9c056e44f8bb4831856463e4997c0391.jpg?shrink=130:130&_v=20260617080551,무접점 자석축,유선,미니,50g,550,유선,한/영 정각,RGB 백라이트,,,,60235238,,https://prod.danawa.com/info/?pcode=60235238&cate=112782,True
COX COS600 무선,COX,26900,https://img.danuri.io/catalog-image/033/886/073/63a5d0bea58241e99c3135db1abeea06.jpg?shrink=130:130&_v=20260617080438,펜타그래프,무선,풀배열,60g,615,"전용동글(리시버), 블루투스",레이저각인 키캡,없음,,,,73886033,,https://prod.danawa.com/info/?pcode=73886033&cate=112782,True
앱코 AN02 블랙 RGB BAR 축교환 기계식 키보드,앱코,34900,https://img.danuri.io/catalog-image/640/650/014/3f849288b9264d679ffeac758f14736a.jpg?shrink=130:130&_v=20260617173717,기계식,유선,풀배열,50g,830,유선,한/영 정각,레인보우 백라이트,적축,,GTMX,14650697,https://www.youtube.com/watch?v=4jhb0CMNWFI,https://prod.danawa.com/info/?pcode=14650697&cate=112782,False
앱코 AN02 블랙 RGB BAR 축교환 기계식 키보드,앱코,39000,https://img.danuri.io/catalog-image/640/650/014/3f849288b9264d679ffeac758f14736a.jpg?shrink=130:130&_v=20260617173717,기계식,유선,풀배열,50g,830,유선,한/영 정각,레인보우 백라이트,갈축,,GTMX,14650688,https://www.youtube.com/watch?v=4jhb0CMNWFI,https://prod.danawa.com/info/?pcode=14650688&cate=112782,False
앱코 AN02 블랙 RGB BAR 축교환 기계식 키보드,앱코,19900,https://img.danuri.io/catalog-image/640/650/014/3f849288b9264d679ffeac758f14736a.jpg?shrink=130:130&_v=20260617173717,기계식,유선,풀배열,50g,830,유선,한/영 정각,레인보우 백라이트,청축,,GTMX,14650640,https://www.youtube.com/watch?v=scqkfa278L4,https://prod.danawa.com/info/?pcode=14650640&cate=112782,False
AULA F65 유무선 기계식 올리비아 화이트,AULA,67000,https://img.danuri.io/catalog-image/057/325/073/d9f72be569ee46c480805c7e17f438ad.jpg?shrink=130:130&_v=20260617080552,기계식,유선+무선,미니,34g,804,"전용동글(리시버), 블루투스",한/영 정각,RGB 백라이트,경해축,Blue Whale 경해축,,92044856,https://www.youtube.com/watch?v=KXprwXXHeHI,https://prod.danawa.com/info/?pcode=92044856&cate=112782,False
AULA F65 유무선 기계식 올리비아 화이트,AULA,57000,https://img.danuri.io/catalog-image/057/325/073/d9f72be569ee46c480805c7e17f438ad.jpg?shrink=130:130&_v=20260617080552,기계식,유선+무선,미니,34g,804,"전용동글(리시버), 블루투스",한/영 정각,RGB 백라이트,세이야축,SEIYA 세이야,,73325033,https://www.youtube.com/watch?v=0vcXx5dvt5E,https://prod.danawa.com/info/?pcode=73325033&cate=112782,False
AULA F65 유무선 기계식 올리비아 화이트,AULA,62000,https://img.danuri.io/catalog-image/057/325/073/d9f72be569ee46c480805c7e17f438ad.jpg?shrink=130:130&_v=20260617080552,기계식,유선+무선,미니,34g,804,"전용동글(리시버), 블루투스",한/영 정각,RGB 백라이트,저소음 바다축,,,73696682,https://www.youtube.com/watch?v=0vcXx5dvt5E,https://prod.danawa.com/info/?pcode=73696682&cate=112782,False
AULA F65 유무선 기계식 올리비아 화이트,AULA,62000,https://img.danuri.io/catalog-image/057/325/073/d9f72be569ee46c480805c7e17f438ad.jpg?shrink=130:130&_v=20260617080552,기계식,유선+무선,미니,34g,804,"전용동글(리시버), 블루투스",한/영 정각,RGB 백라이트,황축 V3,Yellow V3 황축,,73325057,https://www.youtube.com/watch?v=0vcXx5dvt5E,https://prod.danawa.com/info/?pcode=73325057&cate=112782,False
앱코 MK108 저소음 멤브레인,앱코,18900,https://img.danuri.io/catalog-image/935/346/038/992f7acde6f044619fc0225b1545e777.jpg?shrink=130:130&_v=20260617213852,멤브레인,유선,풀배열,0g,711,유선,한/영 정각,레인보우 백라이트,,,,38346935,,https://prod.danawa.com/info/?pcode=38346935&cate=112782,True
NZXT Function Elite MiniTKL,NZXT,99000,https://img.danuri.io/catalog-image/512/382/077/1b1ad0491e5f40d59070e45f6aa6e4d4.jpg?shrink=130:130&_v=20260617080448,무접점 자석축,유선,미니,30g,1091,유선,영문 정각,RGB 백라이트,,,,77382512,,https://prod.danawa.com/info/?pcode=77382512&cate=112782,True
COX CMF104 8K 무접점 다람쥐,COX,86000,https://img.danuri.io/catalog-image/411/508/076/047ef3a49568456a94cca0a54bc99509.jpg?shrink=130:130&_v=20260617080613,무접점,유선,풀배열,45g,1157,유선,한/영 정각,없음,,,,76508411,,https://prod.danawa.com/info/?pcode=76508411&cate=112782,True
COX CK01 Navy 교체축 사이드 RGB 게이밍 기계식 키보드,COX,27900,https://img.danuri.io/catalog-image/044/224/013/0774175657bb482e824e1bcaf5ee79d6.jpg?shrink=130:130&_v=20260617092932,기계식,유선,풀배열,45g,828,유선,정보없음,단색 백라이트,적축,,GTMX,13224059,https://www.youtube.com/watch?v=mqiz0bXfiQc,https://prod.danawa.com/info/?pcode=13224059&cate=112782,False
COX CK01 Navy 교체축 사이드 RGB 게이밍 기계식 키보드,COX,27900,https://img.danuri.io/catalog-image/044/224/013/0774175657bb482e824e1bcaf5ee79d6.jpg?shrink=130:130&_v=20260617092932,기계식,유선,풀배열,45g,828,유선,정보없음,단색 백라이트,갈축,,GTMX,13224044,https://www.youtube.com/watch?v=cPsEDLfAj0M,https://prod.danawa.com/info/?pcode=13224044&cate=112782,False
COX CK01 Navy 교체축 사이드 RGB 게이밍 기계식 키보드,COX,27900,https://img.danuri.io/catalog-image/044/224/013/0774175657bb482e824e1bcaf5ee79d6.jpg?shrink=130:130&_v=20260617092932,기계식,유선,풀배열,45g,828,유선,정보없음,단색 백라이트,청축,,GTMX,13224029,https://www.youtube.com/watch?v=a7hyAvE6s74,https://prod.danawa.com/info/?pcode=13224029&cate=112782,False
AULA F99 유무선 기계식 인디고 블랙 한글,AULA,112400,https://img.danuri.io/catalog-image/412/145/060/bb8f91aceb7948f6bd4bdc5c7541ed4e.jpg?shrink=130:130&_v=20260617080451,기계식,유선+무선,99키,40g,1183,"전용동글(리시버), 블루투스",한/영 정각,RGB 백라이트,저소음 피치축 V2,,,60145412,https://www.youtube.com/watch?v=hAwrs9tESpw,https://prod.danawa.com/info/?pcode=60145412&cate=112782,False
AULA F99 유무선 기계식 인디고 블랙 한글,AULA,72000,https://img.danuri.io/catalog-image/412/145/060/bb8f91aceb7948f6bd4bdc5c7541ed4e.jpg?shrink=130:130&_v=20260617080451,기계식,유선+무선,99키,40g,1183,"전용동글(리시버), 블루투스",한/영 정각,RGB 백라이트,황축 V3,Yellow V3 황축,,60145427,https://www.youtube.com/watch?v=omDPZHbdULI,https://prod.danawa.com/info/?pcode=60145427&cate=112782,False
AULA F99 유무선 기계식 인디고 블랙 한글,AULA,72000,https://img.danuri.io/catalog-image/412/145/060/bb8f91aceb7948f6bd4bdc5c7541ed4e.jpg?shrink=130:130&_v=20260617080451,기계식,유선+무선,99키,40g,1183,"전용동글(리시버), 블루투스",한/영 정각,RGB 백라이트,회목축 V4,Grey Wood V4 회목축,,60145436,https://www.youtube.com/watch?v=omDPZHbdULI,https://prod.danawa.com/info/?pcode=60145436&cate=112782,False
COX CK01 TKL,COX,28000,https://img.danuri.io/catalog-image/445/440/014/eedec7b07ddd43be816f0588f1f654dd.jpg?shrink=130:130&_v=20260617201135,기계식,유선,텐키리스,45g,700,유선,한/영 정각,단색 백라이트,적축,,GTMX,14440445,https://www.youtube.com/watch?v=0QsVyvtCzig,https://prod.danawa.com/info/?pcode=14440445&cate=112782,False
COX CK01 TKL,COX,28000,https://img.danuri.io/catalog-image/445/440/014/eedec7b07ddd43be816f0588f1f654dd.jpg?shrink=130:130&_v=20260617201135,기계식,유선,텐키리스,45g,700,유선,한/영 정각,단색 백라이트,갈축,,GTMX,14440436,https://www.youtube.com/watch?v=cPsEDLfAj0M,https://prod.danawa.com/info/?pcode=14440436&cate=112782,False
COX CK01 TKL,COX,28000,https://img.danuri.io/catalog-image/445/440/014/eedec7b07ddd43be816f0588f1f654dd.jpg?shrink=130:130&_v=20260617201135,기계식,유선,텐키리스,45g,700,유선,한/영 정각,단색 백라이트,청축,,GTMX,14440337,https://www.youtube.com/watch?v=a7hyAvE6s74,https://prod.danawa.com/info/?pcode=14440337&cate=112782,False
로지텍 ALTO KEYS K98M,로지텍,83990,https://img.danuri.io/catalog-image/650/038/091/20032931fca04b97afd4b30cb0062668.jpg?shrink=130:130&_v=20260617200407,기계식,무선,98키,40g,1100,"전용동글(리시버), 블루투스",영문 정각,단색 백라이트,,,,91038650,,https://prod.danawa.com/info/?pcode=91038650&cate=112782,True
로지텍 ALTO KEYS K75M,로지텍,79970,https://img.danuri.io/catalog-image/722/038/091/09a7f3edb38b4d34a9f10be660f5d63d.jpg?shrink=130:130&_v=20260617200452,기계식,무선,미니,40g,950,"전용동글(리시버), 블루투스",영문 정각,단색 백라이트,,,,91038722,,https://prod.danawa.com/info/?pcode=91038722&cate=112782,True
앱코 AK87 슬림 프로 3모드 로우 프로파일 유무선 기계식,앱코,75000,https://img.danuri.io/catalog-image/418/888/094/20e1ad71e1e74e1a8c2a2738b18aa4d3.jpg?shrink=130:130&_v=20260617190607,기계식,유선+무선,텐키리스,43g,817,"전용동글(리시버), 블루투스",영문 정각,RGB 백라이트,검은콩축,,카일,94888451,https://www.youtube.com/watch?v=5k8D-97RjsI,https://prod.danawa.com/info/?pcode=94888451&cate=112782,False
앱코 AK87 슬림 프로 3모드 로우 프로파일 유무선 기계식,앱코,79000,https://img.danuri.io/catalog-image/418/888/094/20e1ad71e1e74e1a8c2a2738b18aa4d3.jpg?shrink=130:130&_v=20260617190607,기계식,유선+무선,텐키리스,43g,817,"전용동글(리시버), 블루투스",영문 정각,RGB 백라이트,햇살축,,카일,94888418,https://www.youtube.com/watch?v=5k8D-97RjsI,https://prod.danawa.com/info/?pcode=94888418&cate=112782,False
COX CKM510 게이밍 키보드 마우스 세트,COX,19380,https://img.danuri.io/catalog-image/167/589/011/7f86e4fdb5bb4034a57d33429379a166.jpg?shrink=130:130&_v=20260617080451,멤브레인,유선,풀배열,0g,695,유선,레이저각인 키캡,레인보우 백라이트,,,,11589167,,https://prod.danawa.com/info/?pcode=11589167&cate=112782,True
앱코 ACH105 오피스워커 유무선 기계식 블랙,앱코,89000,https://img.danuri.io/catalog-image/090/645/122/4fb2b5482f304e5f9597a9ed0828bb77.jpeg?shrink=130:130&_v=20260617080507,기계식,유선+무선,풀배열,45g,1424,"전용동글(리시버), 블루투스",한/영 정각,RGB 백라이트,벚꽃축,,HMX,122645090,https://www.youtube.com/watch?v=lE70UdB0HtI,https://prod.danawa.com/info/?pcode=122645090&cate=112782,False
앱코 ACH105 오피스워커 유무선 기계식 블랙,앱코,79000,https://img.danuri.io/catalog-image/090/645/122/4fb2b5482f304e5f9597a9ed0828bb77.jpeg?shrink=130:130&_v=20260617080507,기계식,유선+무선,풀배열,45g,1424,"전용동글(리시버), 블루투스",한/영 정각,RGB 백라이트,저소음 바다소금축,,HMX,122645087,https://www.youtube.com/watch?v=fpxi7qty6nM,https://prod.danawa.com/info/?pcode=122645087&cate=112782,False
앱코 ACH105 오피스워커 유무선 기계식 블랙,앱코,79000,https://img.danuri.io/catalog-image/090/645/122/4fb2b5482f304e5f9597a9ed0828bb77.jpeg?shrink=130:130&_v=20260617080507,기계식,유선+무선,풀배열,45g,1424,"전용동글(리시버), 블루투스",한/영 정각,RGB 백라이트,저소음 택타일 바다소금축,,HMX,122645088,https://www.youtube.com/watch?v=fpxi7qty6nM,https://prod.danawa.com/info/?pcode=122645088&cate=112782,False
COX C108 유무선 기계식 화이트 퍼플,COX,59900,https://img.danuri.io/catalog-image/550/547/087/3f6f554d5671457897f8143616d62a64.jpg?shrink=130:130&_v=20260617080419,기계식,유선+무선,풀배열,40g,945,"전용동글(리시버), 블루투스",한/영 정각,RGB 백라이트,허니축,,오테뮤,87546017,https://www.youtube.com/watch?v=mUHP8YRc4Kk,https://prod.danawa.com/info/?pcode=87546017&cate=112782,False
COX C108 유무선 기계식 화이트 퍼플,COX,49900,https://img.danuri.io/catalog-image/550/547/087/3f6f554d5671457897f8143616d62a64.jpg?shrink=130:130&_v=20260617080419,기계식,유선+무선,풀배열,40g,945,"전용동글(리시버), 블루투스",한/영 정각,RGB 백라이트,용과축,,오테뮤,87547550,https://www.youtube.com/watch?v=Rkj0pbuhmOk,https://prod.danawa.com/info/?pcode=87547550&cate=112782,False
AULA F108 PRO 유무선 기계식 해외구매,AULA,55760,https://img.danuri.io/catalog-image/351/331/076/4482f824c6ea4d7da188f837e2e9eca7.jpg?shrink=130:130&_v=20260617080448,기계식,유선+무선,풀배열,45g,930,"전용동글(리시버), 블루투스",정보없음,RGB 백라이트,청우축,,,76331336,https://www.youtube.com/watch?v=qqC3vETnvio,https://prod.danawa.com/info/?pcode=76331336&cate=112782,False
AULA F108 PRO 유무선 기계식 해외구매,AULA,55760,https://img.danuri.io/catalog-image/351/331/076/4482f824c6ea4d7da188f837e2e9eca7.jpg?shrink=130:130&_v=20260617080448,기계식,유선+무선,풀배열,45g,930,"전용동글(리시버), 블루투스",정보없음,RGB 백라이트,카라멜라떼축,카라멜 라떼,,76331351,https://www.youtube.com/watch?v=SSC_7QyOLjo,https://prod.danawa.com/info/?pcode=76331351&cate=112782,False
AULA F108 PRO 유무선 기계식 해외구매,AULA,42900,https://img.danuri.io/catalog-image/351/331/076/4482f824c6ea4d7da188f837e2e9eca7.jpg?shrink=130:130&_v=20260617080448,기계식,유선+무선,풀배열,45g,930,"전용동글(리시버), 블루투스",정보없음,RGB 백라이트,풍령축,,,76331342,https://www.youtube.com/watch?v=m4mjxl6HVMk,https://prod.danawa.com/info/?pcode=76331342&cate=112782,False
AULA F99 기계식 라이트 올리비아 한글,AULA,94900,https://img.danuri.io/catalog-image/358/466/063/eb72f5622aa14a339d1a98b31c1e4e22.jpg?shrink=130:130&_v=20260617080451,기계식,유선,99키,40g,1183,유선,한/영 정각,RGB 백라이트,세이야축,SEIYA 세이야,,63466358,https://www.youtube.com/watch?v=KXprwXXHeHI,https://prod.danawa.com/info/?pcode=63466358&cate=112782,False
앱코 KM400 게이밍 콤보,앱코,28000,https://img.danuri.io/catalog-image/386/108/015/b0c71ddd650b430384d5c0e691525e9a.jpg?shrink=130:130&_v=20260617124703,멤브레인,유선,풀배열,0g,955,유선,한/영 정각,레인보우 백라이트,,,,15108386,,https://prod.danawa.com/info/?pcode=15108386&cate=112782,True
COX COS500 무선,COX,28000,https://img.danuri.io/catalog-image/551/319/077/610c59225d1d44ada752a5822251cae2.jpg?shrink=130:130&_v=20260617080507,멤브레인,무선,텐키리스,0g,286,"전용동글(리시버), 블루투스",한/영 정각,없음,,,,77319551,,https://prod.danawa.com/info/?pcode=77319551&cate=112782,True
앱코 K570 축교환 레인보우 무빙 LED 기계식 키보드,앱코,27900,https://img.danuri.io/catalog-image/114/471/014/6932ed3e79794f268da75c106682df95.jpg?shrink=130:130&_v=20260617092745,기계식,유선,풀배열,45g,744,유선,한/영 정각,레인보우 백라이트,적축,,ET,14471087,https://www.youtube.com/watch?v=R3AyTAq-2OM,https://prod.danawa.com/info/?pcode=14471087&cate=112782,False
앱코 K570 축교환 레인보우 무빙 LED 기계식 키보드,앱코,27900,https://img.danuri.io/catalog-image/114/471/014/6932ed3e79794f268da75c106682df95.jpg?shrink=130:130&_v=20260617092745,기계식,유선,풀배열,45g,744,유선,한/영 정각,레인보우 백라이트,갈축,,ET,14471114,https://www.youtube.com/watch?v=a2_FnBwOB68,https://prod.danawa.com/info/?pcode=14471114&cate=112782,False
앱코 K570 축교환 레인보우 무빙 LED 기계식 키보드,앱코,27900,https://img.danuri.io/catalog-image/114/471/014/6932ed3e79794f268da75c106682df95.jpg?shrink=130:130&_v=20260617092745,기계식,유선,풀배열,45g,744,유선,한/영 정각,레인보우 백라이트,청축,,ET,14471015,https://www.youtube.com/watch?v=YK20dTvpC8w,https://prod.danawa.com/info/?pcode=14471015&cate=112782,False
로지텍 G915 X LIGHTSPEED 블랙 (정품),로지텍,297990,https://img.danuri.io/catalog-image/279/297/068/0bcd9cc505124d9b8bddffd47eb5c5fd.jpg?shrink=130:130&_v=20260617080448,기계식,유선+무선,풀배열,43g,1080,"전용동글(리시버), 블루투스",한/영 정각,RGB 백라이트,,,,68297279,,https://prod.danawa.com/info/?pcode=68297279&cate=112782,True
퓨전에프앤씨 INOTE X-Folding XK905B 블루투스,퓨전에프앤씨,52370,https://img.danuri.io/catalog-image/069/963/026/6889e8124f244e8da89be4da03dcb55a.jpg?shrink=130:130&_v=20260617190652,펜타그래프,무선,미니,0g,255,블루투스,한/영 정각,없음,,,,26963069,,https://prod.danawa.com/info/?pcode=26963069&cate=112782,True
앱코 K480 교체축 게이밍 기계식 젠틀맨,앱코,27900,https://img.danuri.io/catalog-image/518/706/077/4c8184930f5d4a91b0740c824237cc7f.jpg?shrink=130:130&_v=20260617080613,기계식,유선,텐키리스,45g,604,유선,한/영 정각,RGB 백라이트,적축,,,77706485,https://www.youtube.com/watch?v=B4TPUVHm1DI,https://prod.danawa.com/info/?pcode=77706485&cate=112782,False
앱코 K480 교체축 게이밍 기계식 젠틀맨,앱코,27900,https://img.danuri.io/catalog-image/518/706/077/4c8184930f5d4a91b0740c824237cc7f.jpg?shrink=130:130&_v=20260617080613,기계식,유선,텐키리스,45g,604,유선,한/영 정각,RGB 백라이트,갈축,,,77706518,https://www.youtube.com/watch?v=B4TPUVHm1DI,https://prod.danawa.com/info/?pcode=77706518&cate=112782,False
앱코 K562 교체축 3모드 계산기 유무선 기계식,앱코,26900,https://img.danuri.io/catalog-image/845/642/090/87c46bb45b694003935a6ffe8449a79e.jpg?shrink=130:130&_v=20260617093033,기계식,유선+무선,96키,50g,862,"전용동글(리시버), 블루투스",한/영 정각,RGB 백라이트,,,,90642845,,https://prod.danawa.com/info/?pcode=90642845&cate=112782,True
스카이디지탈 NKEYBOARD NKEY-매크로,스카이디지탈,45000,https://img.danuri.io/catalog-image/560/040/002/8d280965a8dc454fa0d0bec6ef51ef29.jpg?shrink=130:130&_v=20260617080507,멤브레인,유선,풀배열,0g,759,유선,정보없음,없음,,,,2040560,,https://prod.danawa.com/info/?pcode=2040560&cate=112782,True
COX CSK88 VIA 실리콘 사운드 뎀퍼 유무선 기계식 그린,COX,35750,https://img.danuri.io/catalog-image/367/426/091/8be61b66b56841cb90ccea8a5b86c89e.jpg?shrink=130:130&_v=20260617092713,기계식,유선+무선,텐키리스,40g,957,"전용동글(리시버), 블루투스",한/영 정각,RGB 백라이트,저소음 피치축,,오테뮤,91426367,https://www.youtube.com/watch?v=uFcFDc_R5Rs,https://prod.danawa.com/info/?pcode=91426367&cate=112782,False
COX CSK88 VIA 실리콘 사운드 뎀퍼 유무선 기계식 그린,COX,33000,https://img.danuri.io/catalog-image/367/426/091/8be61b66b56841cb90ccea8a5b86c89e.jpg?shrink=130:130&_v=20260617092713,기계식,유선+무선,텐키리스,40g,957,"전용동글(리시버), 블루투스",한/영 정각,RGB 백라이트,페블축,,오테뮤,91426376,https://www.youtube.com/watch?v=mj0Ib8xeiB0,https://prod.danawa.com/info/?pcode=91426376&cate=112782,False
로지텍 MK240 NANO (정품),로지텍,58780,https://img.danuri.io/catalog-image/933/363/004/8d7c4430ecb94793ab091f3f5c21f4ae.jpg?shrink=130:130&_v=20260617121112,멤브레인,무선,미니,0g,312,[키보드] 전용동글(리시버),한/영 정각,없음,,,,4363933,,https://prod.danawa.com/info/?pcode=4363933&cate=112782,True
CORSAIR 갤리온 100 SD 스트림덱 LCD 기계식,CORSAIR,469000,https://img.danuri.io/catalog-image/577/947/104/7e14d17430c04823bae6fe5606f2bd61.jpg?shrink=130:130&_v=20260617233652,기계식,유선,텐키리스,45g,1390,유선,영문 정각,RGB 백라이트,,,,104947577,,https://prod.danawa.com/info/?pcode=104947577&cate=112782,True
CORSAIR 뱅가드 96 MLX 게이밍 무선 기계식,CORSAIR,251900,https://img.danuri.io/catalog-image/871/483/109/b6fd5765220648d980fe576f914e027a.jpg?shrink=130:130&_v=20260617233650,기계식,유선+무선,96키,45g,1167,"전용동글(리시버), 블루투스",한/영 정각,RGB 백라이트,,,,109483871,,https://prod.danawa.com/info/?pcode=109483871&cate=112782,True
로지텍 mx keys mini (정품),로지텍,112500,https://img.danuri.io/catalog-image/612/163/016/e21f4cc26e62443c9ebcfaa70faffc22.jpg?shrink=130:130&_v=20260617080551,펜타그래프,무선,미니,0g,506,블루투스,한/영 정각,단색 백라이트,,,,16163612,,https://prod.danawa.com/info/?pcode=16163612&cate=112782,True
앱코 KN30BT 블루투스 유무선 무접점,앱코,109000,https://img.danuri.io/catalog-image/613/133/024/4bdd9d1f230144fc96bf114bc0e48a5c.jpg?shrink=130:130&_v=20260617080443,무접점,유선+무선,풀배열,45g,1035,블루투스,한/영 정각,없음,,,NIZ EC,24133613,,https://prod.danawa.com/info/?pcode=24133613&cate=112782,True
MSI FORGE K200 WIRELESS,MSI,25410,https://img.danuri.io/catalog-image/203/206/088/2e5ddc263d8745d3b7619bcabca8bee8.jpg?shrink=130:130&_v=20260617080451,펜타그래프,무선,풀배열,0g,445,전용동글(리시버),레이저각인 키캡,없음,,,,88206203,,https://prod.danawa.com/info/?pcode=88206203&cate=112782,True
FL-ESPORTS NX108 유무선 기계식 크림 핑크,FL-ESPORTS,77000,https://img.danuri.io/catalog-image/413/122/097/fa3fd9f16ef240b682f4252ea14de8a6.jpg?shrink=130:130&_v=20260617080447,기계식,유선+무선,풀배열,43g,1180,"전용동글(리시버), 블루투스",한/영 정각,RGB 백라이트,리치베리축,,,97122422,,https://prod.danawa.com/info/?pcode=97122422&cate=112782,True
FL-ESPORTS NX108 유무선 기계식 크림 핑크,FL-ESPORTS,82000,https://img.danuri.io/catalog-image/413/122/097/fa3fd9f16ef240b682f4252ea14de8a6.jpg?shrink=130:130&_v=20260617080447,기계식,유선+무선,풀배열,43g,1180,"전용동글(리시버), 블루투스",한/영 정각,RGB 백라이트,저소음 갈축,,,104964917,,https://prod.danawa.com/info/?pcode=104964917&cate=112782,True
FL-ESPORTS NX108 유무선 기계식 크림 핑크,FL-ESPORTS,82000,https://img.danuri.io/catalog-image/413/122/097/fa3fd9f16ef240b682f4252ea14de8a6.jpg?shrink=130:130&_v=20260617080447,기계식,유선+무선,풀배열,43g,1180,"전용동글(리시버), 블루투스",한/영 정각,RGB 백라이트,저소음 스노우축,,,97122407,,https://prod.danawa.com/info/?pcode=97122407&cate=112782,True
FL-ESPORTS NX108 유무선 기계식 크림 핑크,FL-ESPORTS,82000,https://img.danuri.io/catalog-image/413/122/097/fa3fd9f16ef240b682f4252ea14de8a6.jpg?shrink=130:130&_v=20260617080447,기계식,유선+무선,풀배열,43g,1180,"전용동글(리시버), 블루투스",한/영 정각,RGB 백라이트,저소음 파도축,,,97122413,,https://prod.danawa.com/info/?pcode=97122413&cate=112782,True
AULA F75 MAX 유무선 기계식 올리비아 화이트,AULA,74000,https://img.danuri.io/catalog-image/637/268/090/331151b08c7c4eccb3918e9616fc347b.jpg?shrink=130:130&_v=20260617080451,기계식,유선+무선,미니,46g,1023,"블루투스, 전용동글(리시버)",한/영 정각,RGB 백라이트,저소음 바다축,,,79556477,,https://prod.danawa.com/info/?pcode=79556477&cate=112782,True
AULA F75 MAX 유무선 기계식 올리비아 화이트,AULA,79000,https://img.danuri.io/catalog-image/637/268/090/331151b08c7c4eccb3918e9616fc347b.jpg?shrink=130:130&_v=20260617080451,기계식,유선+무선,미니,46g,1023,"블루투스, 전용동글(리시버)",한/영 정각,RGB 백라이트,경해축,Blue Whale 경해축,,90268637,,https://prod.danawa.com/info/?pcode=90268637&cate=112782,True
AULA F75 MAX 유무선 기계식 올리비아 화이트,AULA,69000,https://img.danuri.io/catalog-image/637/268/090/331151b08c7c4eccb3918e9616fc347b.jpg?shrink=130:130&_v=20260617080451,기계식,유선+무선,미니,46g,1023,"블루투스, 전용동글(리시버)",한/영 정각,RGB 백라이트,세이야축,SEIYA 세이야,,79556486,,https://prod.danawa.com/info/?pcode=79556486&cate=112782,True
앱코 KN35BT DRT 8K 염료승화 블루투스 유무선 무접점,앱코,119000,https://img.danuri.io/catalog-image/560/102/039/5e62dd713da5457281a634bc57dfd007.jpg?shrink=130:130&_v=20260617080451,무접점,유선+무선,풀배열,45g,1035,블루투스,한/영 정각,없음,,,,39102560,,https://prod.danawa.com/info/?pcode=39102560&cate=112782,True
FL-ESPORTS X80 유무선 기계식 크림 핑크,FL-ESPORTS,59800,https://img.danuri.io/catalog-image/547/364/096/6e7ef1301bc74f189d1b3f7ef4938043.jpg?shrink=130:130&_v=20260617080551,기계식,유선+무선,텐키리스,43g,910,"전용동글(리시버), 블루투스",한/영 정각,RGB 백라이트,리치베리축,,,96364544,,https://prod.danawa.com/info/?pcode=96364544&cate=112782,True
FL-ESPORTS X80 유무선 기계식 크림 핑크,FL-ESPORTS,64800,https://img.danuri.io/catalog-image/547/364/096/6e7ef1301bc74f189d1b3f7ef4938043.jpg?shrink=130:130&_v=20260617080551,기계식,유선+무선,텐키리스,43g,910,"전용동글(리시버), 블루투스",한/영 정각,RGB 백라이트,저소음 갈축,,,104964914,,https://prod.danawa.com/info/?pcode=104964914&cate=112782,True
FL-ESPORTS X80 유무선 기계식 크림 핑크,FL-ESPORTS,64800,https://img.danuri.io/catalog-image/547/364/096/6e7ef1301bc74f189d1b3f7ef4938043.jpg?shrink=130:130&_v=20260617080551,기계식,유선+무선,텐키리스,43g,910,"전용동글(리시버), 블루투스",한/영 정각,RGB 백라이트,저소음 스노우축,,,96364556,,https://prod.danawa.com/info/?pcode=96364556&cate=112782,True
FL-ESPORTS X80 유무선 기계식 크림 핑크,FL-ESPORTS,64800,https://img.danuri.io/catalog-image/547/364/096/6e7ef1301bc74f189d1b3f7ef4938043.jpg?shrink=130:130&_v=20260617080551,기계식,유선+무선,텐키리스,43g,910,"전용동글(리시버), 블루투스",한/영 정각,RGB 백라이트,저소음 파도축,,,96364547,,https://prod.danawa.com/info/?pcode=96364547&cate=112782,True
COX CMK87R 자석축 래피드 트리거,COX,59000,https://img.danuri.io/catalog-image/551/505/071/df8b69ded87e4d27a0c90ba7bda804e1.jpg?shrink=130:130&_v=20260617080507,무접점 자석축,유선,텐키리스,30g,935,유선,한/영 정각,RGB 백라이트,,,게이트론,71505551,,https://prod.danawa.com/info/?pcode=71505551&cate=112782,True
로지텍 K380S,로지텍,37850,https://img.danuri.io/catalog-image/714/577/028/7348150cf2864d479d4208c7c5d14fac.jpg?shrink=130:130&_v=20260617080551,펜타그래프,무선,미니,0g,415,블루투스,한/영 정각,없음,,,,28577714,,https://prod.danawa.com/info/?pcode=28577714&cate=112782,True
AULA F65 유무선 기계식 스카이 블랙,AULA,67000,https://img.danuri.io/catalog-image/126/325/073/a821a4851637435a82fedecac35d4a27.jpg?shrink=130:130&_v=20260617080503,기계식,유선+무선,미니,43g,804,"전용동글(리시버), 블루투스",한/영 정각,RGB 백라이트,경해축,Blue Whale 경해축,TTC,92043803,,https://prod.danawa.com/info/?pcode=92043803&cate=112782,True
AULA F65 유무선 기계식 스카이 블랙,AULA,57000,https://img.danuri.io/catalog-image/126/325/073/a821a4851637435a82fedecac35d4a27.jpg?shrink=130:130&_v=20260617080503,기계식,유선+무선,미니,43g,804,"전용동글(리시버), 블루투스",한/영 정각,RGB 백라이트,세이야축,SEIYA 세이야,TTC,73560839,,https://prod.danawa.com/info/?pcode=73560839&cate=112782,True
AULA F65 유무선 기계식 스카이 블랙,AULA,62000,https://img.danuri.io/catalog-image/126/325/073/a821a4851637435a82fedecac35d4a27.jpg?shrink=130:130&_v=20260617080503,기계식,유선+무선,미니,43g,804,"전용동글(리시버), 블루투스",한/영 정각,RGB 백라이트,저소음 바다축,,TTC,73325126,,https://prod.danawa.com/info/?pcode=73325126&cate=112782,True
AULA F65 유무선 기계식 스카이 블랙,AULA,62000,https://img.danuri.io/catalog-image/126/325/073/a821a4851637435a82fedecac35d4a27.jpg?shrink=130:130&_v=20260617080503,기계식,유선+무선,미니,43g,804,"전용동글(리시버), 블루투스",한/영 정각,RGB 백라이트,황축 V3,Yellow V3 황축,TTC,73325084,,https://prod.danawa.com/info/?pcode=73325084&cate=112782,True
Deck CBL-108XN Hassium 거북선 블랙에디션,Deck,167040,https://img.danuri.io/catalog-image/491/675/010/409ee105049a44ad8c051e05b95980cb.jpg?shrink=130:130&_v=20260617230032,기계식,유선,풀배열,45g,920,유선,정보없음,없음,적축,MX Red,체리,10675485,,https://prod.danawa.com/info/?pcode=10675485&cate=112782,True
Deck CBL-108XN Hassium 거북선 블랙에디션,Deck,173630,https://img.danuri.io/catalog-image/491/675/010/409ee105049a44ad8c051e05b95980cb.jpg?shrink=130:130&_v=20260617230032,기계식,유선,풀배열,45g,920,유선,정보없음,없음,저소음 적축,,체리,10675491,,https://prod.danawa.com/info/?pcode=10675491&cate=112782,True
Deck CBL-108XN Hassium 거북선 블랙에디션,Deck,156590,https://img.danuri.io/catalog-image/491/675/010/409ee105049a44ad8c051e05b95980cb.jpg?shrink=130:130&_v=20260617230032,기계식,유선,풀배열,45g,920,유선,정보없음,없음,저소음 흑축,,체리,12549161,,https://prod.danawa.com/info/?pcode=12549161&cate=112782,True
Deck CBL-108XN Hassium 거북선 블랙에디션,Deck,174000,https://img.danuri.io/catalog-image/491/675/010/409ee105049a44ad8c051e05b95980cb.jpg?shrink=130:130&_v=20260617230032,기계식,유선,풀배열,45g,920,유선,정보없음,없음,갈축,,체리,10675404,,https://prod.danawa.com/info/?pcode=10675404&cate=112782,True
Deck CBL-108XN Hassium 거북선 블랙에디션,Deck,173720,https://img.danuri.io/catalog-image/491/675/010/409ee105049a44ad8c051e05b95980cb.jpg?shrink=130:130&_v=20260617230032,기계식,유선,풀배열,45g,920,유선,정보없음,없음,은축,,체리,10675506,,https://prod.danawa.com/info/?pcode=10675506&cate=112782,True
Deck CBL-108XN Hassium 거북선 블랙에디션,Deck,166910,https://img.danuri.io/catalog-image/491/675/010/409ee105049a44ad8c051e05b95980cb.jpg?shrink=130:130&_v=20260617230032,기계식,유선,풀배열,45g,920,유선,정보없음,없음,청축,,체리,12065411,,https://prod.danawa.com/info/?pcode=12065411&cate=112782,True
Deck CBL-108XN Hassium 거북선 블랙에디션,Deck,167030,https://img.danuri.io/catalog-image/491/675/010/409ee105049a44ad8c051e05b95980cb.jpg?shrink=130:130&_v=20260617230032,기계식,유선,풀배열,45g,920,유선,정보없음,없음,흑축,MX Black (삼신흑),체리,12065444,,https://prod.danawa.com/info/?pcode=12065444&cate=112782,True
AULA F99 유무선 기계식 올리비아 화이트 한글,AULA,82000,https://img.danuri.io/catalog-image/972/934/058/e5e8c9cc28044a19aad2de21e3bbdc37.jpg?shrink=130:130&_v=20260617080419,기계식,유선+무선,99키,34g,1183,"전용동글(리시버), 블루투스",한/영 정각,RGB 백라이트,경해축,Blue Whale 경해축,,60061619,,https://prod.danawa.com/info/?pcode=60061619&cate=112782,True
AULA F99 유무선 기계식 올리비아 화이트 한글,AULA,72000,https://img.danuri.io/catalog-image/972/934/058/e5e8c9cc28044a19aad2de21e3bbdc37.jpg?shrink=130:130&_v=20260617080419,기계식,유선+무선,99키,34g,1183,"전용동글(리시버), 블루투스",한/영 정각,RGB 백라이트,황축 V3,Yellow V3 황축,,58934972,,https://prod.danawa.com/info/?pcode=58934972&cate=112782,True
AULA F99 유무선 기계식 올리비아 화이트 한글,AULA,72000,https://img.danuri.io/catalog-image/972/934/058/e5e8c9cc28044a19aad2de21e3bbdc37.jpg?shrink=130:130&_v=20260617080419,기계식,유선+무선,99키,34g,1183,"전용동글(리시버), 블루투스",한/영 정각,RGB 백라이트,회목축 V4,Grey Wood V4 회목축,,58934957,,https://prod.danawa.com/info/?pcode=58934957&cate=112782,True
프리플로우 archon AK74 PRO 유무선 기계식 마카롱,프리플로우,97900,https://img.danuri.io/catalog-image/182/655/122/bb7904871ea9456fa1b73a5949927603.jpeg?shrink=130:130&_v=20260617080438,기계식,유선+무선,풀배열,35g,1186,"전용동글(리시버), 블루투스",한/영 정각,RGB 백라이트,경해축,Blue Whale 경해축,,122655178,,https://prod.danawa.com/info/?pcode=122655178&cate=112782,True
프리플로우 archon AK74 PRO 유무선 기계식 마카롱,프리플로우,89900,https://img.danuri.io/catalog-image/182/655/122/bb7904871ea9456fa1b73a5949927603.jpeg?shrink=130:130&_v=20260617080438,기계식,유선+무선,풀배열,35g,1186,"전용동글(리시버), 블루투스",한/영 정각,RGB 백라이트,세이야축,SEIYA 세이야,,122655179,,https://prod.danawa.com/info/?pcode=122655179&cate=112782,True
프리플로우 archon AK74 PRO 유무선 기계식 마카롱,프리플로우,95900,https://img.danuri.io/catalog-image/182/655/122/bb7904871ea9456fa1b73a5949927603.jpeg?shrink=130:130&_v=20260617080438,기계식,유선+무선,풀배열,35g,1186,"전용동글(리시버), 블루투스",한/영 정각,RGB 백라이트,저소음 눈송이축,,,122655182,,https://prod.danawa.com/info/?pcode=122655182&cate=112782,True
프리플로우 archon AK74 PRO 유무선 기계식 마카롱,프리플로우,95900,https://img.danuri.io/catalog-image/182/655/122/bb7904871ea9456fa1b73a5949927603.jpeg?shrink=130:130&_v=20260617080438,기계식,유선+무선,풀배열,35g,1186,"전용동글(리시버), 블루투스",한/영 정각,RGB 백라이트,저소음 블루축,,,122655180,,https://prod.danawa.com/info/?pcode=122655180&cate=112782,True
RHINO GEAR RG-K2 미니 키보드,RHINO,5540,https://img.danuri.io/catalog-image/470/937/017/7b1773946bd14003b897475a458c4557.jpg?shrink=130:130&_v=20260617080451,멤브레인,유선,미니,0g,257,유선,정보없음,없음,,,,17937470,,https://prod.danawa.com/info/?pcode=17937470&cate=112782,True
앱코 MK98 AI 코파일럿,앱코,9900,https://img.danuri.io/catalog-image/278/465/069/9efa48aa105140b988d0ebd1b447657f.jpg?shrink=130:130&_v=20260617161802,펜타그래프,무선,98키,50g,500,전용동글(리시버),레이저각인 키캡,없음,,,,69465278,,https://prod.danawa.com/info/?pcode=69465278&cate=112782,True
앱코 AK10 오피스 마스터 슬림 무선,앱코,15900,https://img.danuri.io/catalog-image/034/111/079/24fe69d0b70d4891a744e73a0e6441fc.jpg?shrink=130:130&_v=20260617092920,멤브레인,무선,풀배열,0g,495,"전용동글(리시버), 블루투스",한/영 정각,없음,,,,79111034,,https://prod.danawa.com/info/?pcode=79111034&cate=112782,True
COX CK87 SLIM LP PBT 블랙,COX,79000,https://img.danuri.io/catalog-image/048/465/017/534f698e5df5432c9addf95165bdeac8.jpg?shrink=130:130&_v=20260617080613,기계식,유선,텐키리스,45g,760,유선,한/영 정각,단색 백라이트,적축,,TTC,17466557,,https://prod.danawa.com/info/?pcode=17466557&cate=112782,True
COX CK87 SLIM LP PBT 블랙,COX,39340,https://img.danuri.io/catalog-image/048/465/017/534f698e5df5432c9addf95165bdeac8.jpg?shrink=130:130&_v=20260617080613,기계식,유선,텐키리스,45g,760,유선,한/영 정각,단색 백라이트,청축,,TTC,17465048,,https://prod.danawa.com/info/?pcode=17465048&cate=112782,True
NZXT FUNCTION 2 FULL,NZXT,89000,https://img.danuri.io/catalog-image/061/528/043/764193b5bd9f42b895a67463d8b7f53c.jpg?shrink=130:130&_v=20260617200602,무접점 광축,유선,풀배열,40g,910,유선,영문 정각,RGB 백라이트,,,NZXT,43528061,,https://prod.danawa.com/info/?pcode=43528061&cate=112782,True
앱코 AO98 레트로 타임리스 3모드 기계식,앱코,59000,https://img.danuri.io/catalog-image/475/702/097/412ad60915da49b892e37cd1d034e4fc.jpg?shrink=130:130&_v=20260617080448,기계식,유선+무선,98키,40g,1090,"전용동글(리시버), 블루투스",한/영 정각,RGB 백라이트,복고축,,,97702484,,https://prod.danawa.com/info/?pcode=97702484&cate=112782,True
앱코 AO98 레트로 타임리스 3모드 기계식,앱코,59000,https://img.danuri.io/catalog-image/475/702/097/412ad60915da49b892e37cd1d034e4fc.jpg?shrink=130:130&_v=20260617080448,기계식,유선+무선,98키,40g,1090,"전용동글(리시버), 블루투스",한/영 정각,RGB 백라이트,저소음 스노우축,,,97702475,,https://prod.danawa.com/info/?pcode=97702475&cate=112782,True
앱코 MK108W 무선,앱코,29000,https://img.danuri.io/catalog-image/676/223/072/78ead2fcf7084fd1aa14c2e88548e7f3.jpg?shrink=130:130&_v=20260617201232,멤브레인,무선,풀배열,0g,715,"전용동글(리시버), 블루투스",레이저각인 키캡,레인보우 백라이트,,,,72223676,,https://prod.danawa.com/info/?pcode=72223676&cate=112782,True
COX CKM400K,COX,12500,https://img.danuri.io/catalog-image/434/704/106/a46d729416d444e6bf0173f1cf120d07.jpg?shrink=130:130&_v=20260617092909,멤브레인,유선,풀배열,0g,525,유선,한/영 정각,레인보우 백라이트,,,,106704434,,https://prod.danawa.com/info/?pcode=106704434&cate=112782,True
앱코 AK84BT 블루투스 무선 슬림 기계식 다크 그레이,앱코,49000,https://img.danuri.io/catalog-image/011/125/073/c0e063296fb24b7b91e4670c42561efd.jpg?shrink=130:130&_v=20260617080551,기계식,유선+무선,미니,45g,485,블루투스,한/영 정각,RGB 백라이트,적축,,,73125002,,https://prod.danawa.com/info/?pcode=73125002&cate=112782,True
앱코 AK84BT 블루투스 무선 슬림 기계식 다크 그레이,앱코,49000,https://img.danuri.io/catalog-image/011/125/073/c0e063296fb24b7b91e4670c42561efd.jpg?shrink=130:130&_v=20260617080551,기계식,유선+무선,미니,45g,485,블루투스,한/영 정각,RGB 백라이트,갈축,,,73125011,,https://prod.danawa.com/info/?pcode=73125011&cate=112782,True
앱코 K660S V2 카일 광축 V2 게이밍 옐로우,앱코,66000,https://img.danuri.io/catalog-image/646/991/075/3d8a1d45847848498ac28f192a653ab0.jpg?shrink=130:130&_v=20260617080552,무접점 광축,유선,풀배열,40g,1240,유선,한/영 정각,레인보우 백라이트,,,카일,75991646,,https://prod.danawa.com/info/?pcode=75991646&cate=112782,True
앱코 AK87 3모드 OTEMU 특주축 유무선 기계식 올리비아,앱코,59000,https://img.danuri.io/catalog-image/496/821/074/44c06ce3ff0748d8ad8b2cef9ce05ce7.jpg?shrink=130:130&_v=20260617092724,기계식,유선+무선,텐키리스,40g,1024,"전용동글(리시버), 블루투스",한/영 정각,RGB 백라이트,저소음 피치축,,,74821496,,https://prod.danawa.com/info/?pcode=74821496&cate=112782,True
앱코 AK87 3모드 OTEMU 특주축 유무선 기계식 올리비아,앱코,49000,https://img.danuri.io/catalog-image/496/821/074/44c06ce3ff0748d8ad8b2cef9ce05ce7.jpg?shrink=130:130&_v=20260617092724,기계식,유선+무선,텐키리스,40g,1024,"전용동글(리시버), 블루투스",한/영 정각,RGB 백라이트,멜론축,,,74822585,,https://prod.danawa.com/info/?pcode=74822585&cate=112782,True
darkFlash DKM100 키보드 마우스 세트,darkFlash,27200,https://img.danuri.io/catalog-image/532/965/092/13bfa1accf47488a8e07ccb296b37cc3.jpg?shrink=130:130&_v=20260617092827,멤브레인,유선,풀배열,0g,810,유선,한/영 정각,없음,,,,92965532,,https://prod.danawa.com/info/?pcode=92965532&cate=112782,True
CHERRY XTRFY MX 8.3 TKL 8K 유무선 기계식,CHERRY,399000,https://img.danuri.io/catalog-image/100/699/100/8b35eb77f81647e6bda88649ade94b57.jpg?shrink=130:130&_v=20260617080443,기계식,유선+무선,텐키리스,45g,1250,"전용동글(리시버), 블루투스",한/영 정각,RGB 백라이트,,,체리,100699100,,https://prod.danawa.com/info/?pcode=100699100&cate=112782,True
앱코 NTP84,앱코,35000,https://img.danuri.io/catalog-image/015/692/108/a801688a9e54479fadd08651273a8cc1.jpg?shrink=130:130&_v=20260617092805,멤브레인,유선+무선,미니,45g,540,"전용동글(리시버), 블루투스",한/영 정각,RGB 백라이트,,,,108692015,,https://prod.danawa.com/info/?pcode=108692015&cate=112782,True
앱코 AK94BT 유무선 기계식 스카이블루,앱코,80000,https://img.danuri.io/catalog-image/096/529/070/698fcd2358bb40fcad92af2a4c026c2d.jpg?shrink=130:130&_v=20260617080448,기계식,유선+무선,94키,40g,965,"전용동글(리시버), 블루투스",한/영 정각,RGB 백라이트,라임축,,오테뮤,70529102,,https://prod.danawa.com/info/?pcode=70529102&cate=112782,True
앱코 AK94BT 유무선 기계식 스카이블루,앱코,80000,https://img.danuri.io/catalog-image/096/529/070/698fcd2358bb40fcad92af2a4c026c2d.jpg?shrink=130:130&_v=20260617080448,기계식,유선+무선,94키,40g,965,"전용동글(리시버), 블루투스",한/영 정각,RGB 백라이트,저소음 피치축,,오테뮤,70529096,,https://prod.danawa.com/info/?pcode=70529096&cate=112782,True
FL-ESPORTS Geo65 유무선 기계식 드림 그린,FL-ESPORTS,109000,https://img.danuri.io/catalog-image/644/501/090/a75d973c3c9c4b8d950062c1259bd638.jpg?shrink=130:130&_v=20260617080501,기계식,유선+무선,미니,40g,1530,"전용동글(리시버), 블루투스",한/영 정각,RGB 백라이트,BCP,BCP,,90501662,,https://prod.danawa.com/info/?pcode=90501662&cate=112782,True
FL-ESPORTS Geo65 유무선 기계식 드림 그린,FL-ESPORTS,98000,https://img.danuri.io/catalog-image/644/501/090/a75d973c3c9c4b8d950062c1259bd638.jpg?shrink=130:130&_v=20260617080501,기계식,유선+무선,미니,40g,1530,"전용동글(리시버), 블루투스",한/영 정각,RGB 백라이트,리치베리축,,,90501671,,https://prod.danawa.com/info/?pcode=90501671&cate=112782,True
FL-ESPORTS Geo65 유무선 기계식 드림 그린,FL-ESPORTS,109000,https://img.danuri.io/catalog-image/644/501/090/a75d973c3c9c4b8d950062c1259bd638.jpg?shrink=130:130&_v=20260617080501,기계식,유선+무선,미니,40g,1530,"전용동글(리시버), 블루투스",한/영 정각,RGB 백라이트,저소음 스노우축,,,90501644,,https://prod.danawa.com/info/?pcode=90501644&cate=112782,True
COX 엔데버 텐키리스 RGB PBT 완전방수 무접점 화이트,COX,109000,https://img.danuri.io/catalog-image/919/345/008/a730f357ba1440bbbf131e946949e7f2.jpg?shrink=130:130&_v=20260617080448,무접점,유선,텐키리스,35g,1100,유선,한/영 정각,RGB 백라이트,,,NIZ EC,8345919,,https://prod.danawa.com/info/?pcode=8345919&cate=112782,True
앱코 A108K 3모드 퀵스압 유무선 기계식 피오니,앱코,68970,https://img.danuri.io/catalog-image/319/355/102/6021c41cc7bf4b12b0aed1bf145930d7.jpg?shrink=130:130&_v=20260617080613,기계식,유선+무선,풀배열,43g,1500,"전용동글(리시버), 블루투스",한/영 정각,RGB 백라이트,맘모스축,,,102355316,,https://prod.danawa.com/info/?pcode=102355316&cate=112782,True
앱코 A108K 3모드 퀵스압 유무선 기계식 피오니,앱코,74900,https://img.danuri.io/catalog-image/319/355/102/6021c41cc7bf4b12b0aed1bf145930d7.jpg?shrink=130:130&_v=20260617080613,기계식,유선+무선,풀배열,43g,1500,"전용동글(리시버), 블루투스",한/영 정각,RGB 백라이트,벚꽃축,,,102355319,,https://prod.danawa.com/info/?pcode=102355319&cate=112782,True
COX CKM500 게이밍 키보드 마우스 콤보,COX,25900,https://img.danuri.io/catalog-image/168/355/005/989e7e1209314449a60398dfbe46271e.jpg?shrink=130:130&_v=20260617080503,멤브레인,유선,풀배열,0g,798,유선,한/영 정각,레인보우 백라이트,,,,5355168,,https://prod.danawa.com/info/?pcode=5355168&cate=112782,True
MSI FORGE GK100,MSI,19440,https://img.danuri.io/catalog-image/253/715/078/55023a5f86fe4f52a1c76b6b3504ac7a.jpg?shrink=130:130&_v=20260617160806,멤브레인,유선,풀배열,0g,756,유선,레이저각인 키캡,레인보우 백라이트,,,,78715253,,https://prod.danawa.com/info/?pcode=78715253&cate=112782,True
COX C108 유무선 기계식 화이트 그레이,COX,49900,https://img.danuri.io/catalog-image/090/556/079/ede9179654054d4f9a8d4cf78366cc34.jpg?shrink=130:130&_v=20260617080443,기계식,유선+무선,풀배열,40g,945,"전용동글(리시버), 블루투스",한/영 정각,RGB 백라이트,용과축,,오테뮤,79556090,,https://prod.danawa.com/info/?pcode=79556090&cate=112782,True
COX C108 유무선 기계식 화이트 그레이,COX,59900,https://img.danuri.io/catalog-image/090/556/079/ede9179654054d4f9a8d4cf78366cc34.jpg?shrink=130:130&_v=20260617080443,기계식,유선+무선,풀배열,40g,945,"전용동글(리시버), 블루투스",한/영 정각,RGB 백라이트,허니축,,오테뮤,87544286,,https://prod.danawa.com/info/?pcode=87544286&cate=112782,True
EVGA Z20 RGB 광축 게이밍 키보드 한글,EVGA,63790,https://img.danuri.io/catalog-image/578/811/014/a36e791c54744af5a6ed7ca9a128e858.jpg?shrink=130:130&_v=20260617080551,무접점 광축,유선,풀배열,40g,1130,유선,한/영 정각,RGB 백라이트,,,LK 광축,14811578,,https://prod.danawa.com/info/?pcode=14811578&cate=112782,True
CORSAIR K100 AIR WIRELESS RGB Ultra Low Profile 게이밍 기계식 키보드,CORSAIR,248000,https://img.danuri.io/catalog-image/703/932/017/f60535d22068499098328a922f3324e1.jpg?shrink=130:130&_v=20260617140706,기계식,유선+무선,풀배열,65g,780,"전용동글(리시버), 블루투스",한/영 정각,RGB 백라이트,,,체리,17932703,,https://prod.danawa.com/info/?pcode=17932703&cate=112782,True
앱코 A108K 3모드 퀵스압 유무선 기계식 마일드 블루,앱코,69900,https://img.danuri.io/catalog-image/013/851/095/cc4828d12c824285b06b8570d07ce649.jpg?shrink=130:130&_v=20260617080552,기계식,유선+무선,풀배열,43g,1500,"전용동글(리시버), 블루투스",한/영 정각,RGB 백라이트,맘모스축,,,95850980,,https://prod.danawa.com/info/?pcode=95850980&cate=112782,True
앱코 A108K 3모드 퀵스압 유무선 기계식 마일드 블루,앱코,73530,https://img.danuri.io/catalog-image/013/851/095/cc4828d12c824285b06b8570d07ce649.jpg?shrink=130:130&_v=20260617080552,기계식,유선+무선,풀배열,43g,1500,"전용동글(리시버), 블루투스",한/영 정각,RGB 백라이트,벚꽃축,,,95851013,,https://prod.danawa.com/info/?pcode=95851013&cate=112782,True
앱코 AKN10BT 반알만한 무접점,앱코,250000,https://img.danuri.io/catalog-image/004/191/092/317a3c44705c4c74b172b4defd9098f8.jpg?shrink=130:130&_v=20260617080552,무접점,유선+무선,풀배열,45g,1200,"전용동글(리시버), 블루투스",한/영 정각,없음,,,,92191004,,https://prod.danawa.com/info/?pcode=92191004&cate=112782,True
CHERRY XTRFY K5 PRO TMR,CHERRY,99000,https://img.danuri.io/catalog-image/232/007/102/9d7f2dcba0ad4b188902bc1cdc89452c.jpg?shrink=130:130&_v=20260617080503,무접점 자석축,유선,미니,38g,568,유선,레이저각인 키캡,RGB 백라이트,,,,102007232,,https://prod.danawa.com/info/?pcode=102007232&cate=112782,True
앱코 K640T SLIM 축교환 무빙LED 텐키리스 기계식 화이트,앱코,28900,https://img.danuri.io/catalog-image/614/282/015/0841a71c5c8a4b349fccb257cf53d714.jpg?shrink=130:130&_v=20260617080502,기계식,유선,텐키리스,45g,572,유선,정보없음,단색 백라이트,적축,,GTMX,15282614,,https://prod.danawa.com/info/?pcode=15282614&cate=112782,True
앱코 ACM105 유무선,앱코,39000,https://img.danuri.io/catalog-image/025/630/122/6e2bc8d2b5ed417b949b67df1b4037d6.jpeg?shrink=130:130&_v=20260617092933,멤브레인,유선+무선,풀배열,0g,796,"전용동글(리시버), 블루투스",한/영 정각,RGB 백라이트,,,,122630025,,https://prod.danawa.com/info/?pcode=122630025&cate=112782,True
COX CA75 3모드 CNC 알루미늄 유무선 기계식 실버,COX,49000,https://img.danuri.io/catalog-image/026/251/073/80199dafa0d5430bb3b626701a6014e3.jpg?shrink=130:130&_v=20260617080502,기계식,유선+무선,미니,50g,1378,"전용동글(리시버), 블루투스",영문 정각,RGB 백라이트,카라멜 커피 V1축,,,73251026,,https://prod.danawa.com/info/?pcode=73251026&cate=112782,True
COX CA75 3모드 CNC 알루미늄 유무선 기계식 실버,COX,49000,https://img.danuri.io/catalog-image/026/251/073/80199dafa0d5430bb3b626701a6014e3.jpg?shrink=130:130&_v=20260617080502,기계식,유선+무선,미니,50g,1378,"전용동글(리시버), 블루투스",영문 정각,RGB 백라이트,코코아 크림 V2축,,,73951736,,https://prod.danawa.com/info/?pcode=73951736&cate=112782,True
앱코 A87K 3모드 퀵스압 유무선 기계식,앱코,59000,https://img.danuri.io/catalog-image/770/850/095/d3b4d2636bfb422da059958e834d146a.jpg?shrink=130:130&_v=20260617115852,기계식,유선+무선,텐키리스,45g,960,"전용동글(리시버), 블루투스",한/영 정각,RGB 백라이트,맘모스축,,,95850770,,https://prod.danawa.com/info/?pcode=95850770&cate=112782,True
앱코 A87K 3모드 퀵스압 유무선 기계식,앱코,54810,https://img.danuri.io/catalog-image/770/850/095/d3b4d2636bfb422da059958e834d146a.jpg?shrink=130:130&_v=20260617115852,기계식,유선+무선,텐키리스,45g,960,"전용동글(리시버), 블루투스",한/영 정각,RGB 백라이트,벚꽃축,,,95850806,,https://prod.danawa.com/info/?pcode=95850806&cate=112782,True
앱코 AN06F TKL PBT 게이밍 기계식,앱코,16900,https://img.danuri.io/catalog-image/130/006/019/06c4316b5301481996789b2338684b37.jpg?shrink=130:130&_v=20260617190635,기계식,유선,텐키리스,60g,650,유선,한/영 정각,RGB 백라이트,,,Finekey,19006130,,https://prod.danawa.com/info/?pcode=19006130&cate=112782,True
COX CK580 교체축 게이밍 기계식 그레이&핑크,COX,28900,https://img.danuri.io/catalog-image/356/113/091/0865c5fbbb5e4235bf36df489e818e95.jpg?shrink=130:130&_v=20260617080507,기계식,유선,풀배열,45g,500,유선,한/영 정각,RGB 백라이트,갈축,,,91113356,,https://prod.danawa.com/info/?pcode=91113356&cate=112782,True
COX CK580 교체축 게이밍 기계식 그레이&핑크,COX,28900,https://img.danuri.io/catalog-image/356/113/091/0865c5fbbb5e4235bf36df489e818e95.jpg?shrink=130:130&_v=20260617080507,기계식,유선,풀배열,45g,500,유선,한/영 정각,RGB 백라이트,적축,,,91113353,,https://prod.danawa.com/info/?pcode=91113353&cate=112782,True
COX CK580 교체축 게이밍 기계식 그레이&핑크,COX,26230,https://img.danuri.io/catalog-image/356/113/091/0865c5fbbb5e4235bf36df489e818e95.jpg?shrink=130:130&_v=20260617080507,기계식,유선,풀배열,45g,500,유선,한/영 정각,RGB 백라이트,청축,,,91113338,,https://prod.danawa.com/info/?pcode=91113338&cate=112782,True
COX CSK88 VIA 실리콘 사운드 뎀퍼 유무선 기계식 핑크,COX,39000,https://img.danuri.io/catalog-image/262/426/091/762d7923c5624feeab07e86270f0ac26.jpg?shrink=130:130&_v=20260617092803,기계식,유선+무선,텐키리스,40g,957,"전용동글(리시버), 블루투스",한/영 정각,RGB 백라이트,저소음 피치축,,오테뮤,91426262,,https://prod.danawa.com/info/?pcode=91426262&cate=112782,True
COX CSK88 VIA 실리콘 사운드 뎀퍼 유무선 기계식 핑크,COX,33000,https://img.danuri.io/catalog-image/262/426/091/762d7923c5624feeab07e86270f0ac26.jpg?shrink=130:130&_v=20260617092803,기계식,유선+무선,텐키리스,40g,957,"전용동글(리시버), 블루투스",한/영 정각,RGB 백라이트,페블축,,오테뮤,91426361,,https://prod.danawa.com/info/?pcode=91426361&cate=112782,True
COX CA75 3모드 CNC 알루미늄 유무선 기계식 블루,COX,49000,https://img.danuri.io/catalog-image/766/951/073/d2dc1160306e4dfe847cfac4261059f3.jpg?shrink=130:130&_v=20260617080552,기계식,유선+무선,미니,50g,1378,"전용동글(리시버), 블루투스",영문 정각,RGB 백라이트,카라멜 커피 V1축,,,73951766,,https://prod.danawa.com/info/?pcode=73951766&cate=112782,True
COX CA75 3모드 CNC 알루미늄 유무선 기계식 블루,COX,49000,https://img.danuri.io/catalog-image/766/951/073/d2dc1160306e4dfe847cfac4261059f3.jpg?shrink=130:130&_v=20260617080552,기계식,유선+무선,미니,50g,1378,"전용동글(리시버), 블루투스",영문 정각,RGB 백라이트,코코아 크림 V2축,,,73951778,,https://prod.danawa.com/info/?pcode=73951778&cate=112782,True
앱코 LKN99 BT 로우 프로파일 슬림 무접점,앱코,149000,https://img.danuri.io/catalog-image/142/519/094/20e3e7cb6a924d6cab75c3743c8d397a.jpg?shrink=130:130&_v=20260617080507,무접점,유선+무선,99키,50g,1443,"블루투스, 전용동글(리시버)",한/영 정각,없음,,,,94519142,,https://prod.danawa.com/info/?pcode=94519142&cate=112782,True
COX CK01 PBT 이색사출 사이드 RGB 기계식 키보드,COX,31500,https://img.danuri.io/catalog-image/714/696/011/8baf3ca342a54fed85a451fa79640890.jpg?shrink=130:130&_v=20260617080443,기계식,유선,풀배열,45g,784,유선,한/영 정각,없음,적축,,GTMX,11696723,,https://prod.danawa.com/info/?pcode=11696723&cate=112782,True
COX CK01 PBT 이색사출 사이드 RGB 기계식 키보드,COX,31500,https://img.danuri.io/catalog-image/714/696/011/8baf3ca342a54fed85a451fa79640890.jpg?shrink=130:130&_v=20260617080443,기계식,유선,풀배열,45g,784,유선,한/영 정각,없음,갈축,,GTMX,11696714,,https://prod.danawa.com/info/?pcode=11696714&cate=112782,True
COX CK01 PBT 이색사출 사이드 RGB 기계식 키보드,COX,31500,https://img.danuri.io/catalog-image/714/696/011/8baf3ca342a54fed85a451fa79640890.jpg?shrink=130:130&_v=20260617080443,기계식,유선,풀배열,45g,784,유선,한/영 정각,없음,청축,,GTMX,11696705,,https://prod.danawa.com/info/?pcode=11696705&cate=112782,True
앱코 AR88 퍼스트스텝 리얼 알루미늄 커스텀 유무선 기계식,앱코,149000,https://img.danuri.io/catalog-image/766/626/122/e792c6795ecc44c79e98d5619e872c2d.jpeg?shrink=130:130&_v=20260617080438,기계식,유선+무선,텐키리스,43g,2070,"전용동글(리시버), 블루투스",한/영 정각,RGB 백라이트,,,,122626766,,https://prod.danawa.com/info/?pcode=122626766&cate=112782,True
CORSAIR K65 RGB PLUS 유무선 애플 에디션,CORSAIR,211000,https://img.danuri.io/catalog-image/445/542/101/00f4876f0aa44b5b87c17faacef7f682.jpg?shrink=130:130&_v=20260617233647,기계식,유선+무선,미니,45g,922,"전용동글(리시버), 블루투스",영문 정각,RGB 백라이트,,,CORSAIR,101542445,,https://prod.danawa.com/info/?pcode=101542445&cate=112782,True
AULA F75 MAX 유무선 기계식 스카이 블랙,AULA,79000,https://img.danuri.io/catalog-image/462/556/079/1f6edd1dae3747b0b90873b701e0ba79.jpg?shrink=130:130&_v=20260617214817,기계식,유선+무선,미니,40g,1023,"블루투스, 전용동글(리시버)",한/영 정각,RGB 백라이트,경해축,Blue Whale 경해축,,90268634,,https://prod.danawa.com/info/?pcode=90268634&cate=112782,True
AULA F75 MAX 유무선 기계식 스카이 블랙,AULA,69000,https://img.danuri.io/catalog-image/462/556/079/1f6edd1dae3747b0b90873b701e0ba79.jpg?shrink=130:130&_v=20260617214817,기계식,유선+무선,미니,40g,1023,"블루투스, 전용동글(리시버)",한/영 정각,RGB 백라이트,세이야축,SEIYA 세이야,,79556462,,https://prod.danawa.com/info/?pcode=79556462&cate=112782,True
AJAZZ AJ-AK01,AJAZZ,59000,https://img.danuri.io/catalog-image/768/751/103/c4b93ca7e08b427b9eee8cfd80ad7ac6.jpg?shrink=130:130&_v=20260617080419,기계식,유선,텐키리스,50g,1840,유선,한/영 정각,단색 백라이트,,,,103751768,,https://prod.danawa.com/info/?pcode=103751768&cate=112782,True
Teamwolf RAVEN 68 HE,Teamwolf,81000,https://img.danuri.io/catalog-image/868/341/074/1658353830774a0dbc43f05a6f381f48.jpg?shrink=130:130&_v=20260617080419,무접점 자석축,유선,미니,30g,680,유선,한/영 정각,RGB 백라이트,,,,74341868,,https://prod.danawa.com/info/?pcode=74341868&cate=112782,True
darkFlash DK108,darkFlash,18310,https://img.danuri.io/catalog-image/443/964/092/d4423995c7da46eca2236e48818cedb1.jpg?shrink=130:130&_v=20260617115342,멤브레인,유선,풀배열,0g,810,유선,한/영 정각,없음,,,,92964443,,https://prod.danawa.com/info/?pcode=92964443&cate=112782,True
앱코 LKN84BT 8K 로우 프로파일 슬림 유무선 무접점,앱코,139000,https://img.danuri.io/catalog-image/582/098/078/9dd7a9cea60a46af9ba405010060db71.jpg?shrink=130:130&_v=20260617190612,무접점,유선+무선,미니,35g,791,"블루투스, 전용동글(리시버)",한/영 정각,없음,,,,78098582,,https://prod.danawa.com/info/?pcode=78098582&cate=112782,True
COX CQK81 VIA 엣지 LED & 노브 3MODE 유무선 기계식,COX,33000,https://img.danuri.io/catalog-image/840/437/090/1d3cc05026b643699b08c5aaa8bb9aa0.jpg?shrink=130:130&_v=20260617080451,기계식,유선+무선,미니,45g,800,"전용동글(리시버), 블루투스",영문 정각,RGB 백라이트,Carda축,,,90437816,,https://prod.danawa.com/info/?pcode=90437816&cate=112782,True
COX CQK81 VIA 엣지 LED & 노브 3MODE 유무선 기계식,COX,33000,https://img.danuri.io/catalog-image/840/437/090/1d3cc05026b643699b08c5aaa8bb9aa0.jpg?shrink=130:130&_v=20260617080451,기계식,유선+무선,미니,45g,800,"전용동글(리시버), 블루투스",영문 정각,RGB 백라이트,Deep Oil축,,,90437840,,https://prod.danawa.com/info/?pcode=90437840&cate=112782,True
Createkeebs LUMINKEY Magger 68 HE 프로페셔널,Createkeebs,179000,https://img.danuri.io/catalog-image/805/004/072/62ccb746f7054627a113b6183b9ce761.jpg?shrink=130:130&_v=20260617080443,무접점 자석축,유선,미니,36g,1200,유선,영문 정각,RGB 백라이트,,,게이트론,72004805,,https://prod.danawa.com/info/?pcode=72004805&cate=112782,True
darkFlash GD100 유무선 기계식,darkFlash,40500,https://img.danuri.io/catalog-image/177/386/033/ba93e3395c884bc7982c20647a5741a2.jpg?shrink=130:130&_v=20260617080501,기계식,유선+무선,100키,45g,920,전용동글(리시버),한/영 정각,없음,,,,33386177,,https://prod.danawa.com/info/?pcode=33386177&cate=112782,True
앱코 WKM50 펜홀더형 무선 키보드 마우스 세트,앱코,32900,https://img.danuri.io/catalog-image/507/037/013/3ac47e0e0dae49448dd56a199a82fbb8.jpg?shrink=130:130&_v=20260617080443,멤브레인,무선,풀배열,0g,655,[키보드] 전용동글(리시버),정보없음,없음,,,,13037507,,https://prod.danawa.com/info/?pcode=13037507&cate=112782,True
앱코 TOS300 매크로덱,앱코,29900,https://img.danuri.io/catalog-image/701/080/094/e61c7dfa2bbf4e7e8b8bcd7748f405d4.jpg?shrink=130:130&_v=20260617092933,펜타그래프,유선,99키,0g,776,유선,한/영 정각,단색 백라이트,,,,94080701,,https://prod.danawa.com/info/?pcode=94080701&cate=112782,True
COX CK87 크림블루 게이트론 LED 게이밍 기계식,COX,42000,https://img.danuri.io/catalog-image/481/063/011/4014aa7ee8b84c3cac5969d8d448dffe.jpg?shrink=130:130&_v=20260617080439,기계식,유선,텐키리스,50g,935,유선,한/영 정각,단색 백라이트,갈축,,게이트론,11063505,,https://prod.danawa.com/info/?pcode=11063505&cate=112782,True
COX CK87 크림블루 게이트론 LED 게이밍 기계식,COX,42000,https://img.danuri.io/catalog-image/481/063/011/4014aa7ee8b84c3cac5969d8d448dffe.jpg?shrink=130:130&_v=20260617080439,기계식,유선,텐키리스,50g,935,유선,한/영 정각,단색 백라이트,청축,,게이트론,11063442,,https://prod.danawa.com/info/?pcode=11063442&cate=112782,True
COX CK87 크림블루 게이트론 LED 게이밍 기계식,COX,42000,https://img.danuri.io/catalog-image/481/063/011/4014aa7ee8b84c3cac5969d8d448dffe.jpg?shrink=130:130&_v=20260617080439,기계식,유선,텐키리스,50g,935,유선,한/영 정각,단색 백라이트,황축,,게이트론,11063481,,https://prod.danawa.com/info/?pcode=11063481&cate=112782,True
앱코 AK998 8K OTEMU 특주축 기계식 블랙,앱코,58000,https://img.danuri.io/catalog-image/507/336/074/075da826193d49a5931d5b51c572829e.jpg?shrink=130:130&_v=20260617092633,기계식,유선,99키,40g,852,유선,한/영 정각,RGB 백라이트,멜론축,,,74336495,,https://prod.danawa.com/info/?pcode=74336495&cate=112782,True
앱코 AK998 8K OTEMU 특주축 기계식 블랙,앱코,65000,https://img.danuri.io/catalog-image/507/336/074/075da826193d49a5931d5b51c572829e.jpg?shrink=130:130&_v=20260617092633,기계식,유선,99키,40g,852,유선,한/영 정각,RGB 백라이트,저소음 피치축,,,74336507,,https://prod.danawa.com/info/?pcode=74336507&cate=112782,True
AULA F87 Pro 유무선 기계식 블러쉬 핑크 한글,AULA,67000,https://img.danuri.io/catalog-image/605/691/122/38dbe2a3c4884c47be5e7c3a3d51f550.jpeg?shrink=130:130&_v=20260617080503,기계식,유선+무선,텐키리스,43g,916,"전용동글(리시버), 블루투스",한/영 정각,RGB 백라이트,세이야축,SEIYA 세이야,오테뮤,122692862,,https://prod.danawa.com/info/?pcode=122692862&cate=112782,True
AULA F87 Pro 유무선 기계식 블러쉬 핑크 한글,AULA,73000,https://img.danuri.io/catalog-image/605/691/122/38dbe2a3c4884c47be5e7c3a3d51f550.jpeg?shrink=130:130&_v=20260617080503,기계식,유선+무선,텐키리스,43g,916,"전용동글(리시버), 블루투스",한/영 정각,RGB 백라이트,저소음 로즈축,,오테뮤,122691617,,https://prod.danawa.com/info/?pcode=122691617&cate=112782,True
AULA F87 Pro 유무선 기계식 블러쉬 핑크 한글,AULA,73000,https://img.danuri.io/catalog-image/605/691/122/38dbe2a3c4884c47be5e7c3a3d51f550.jpeg?shrink=130:130&_v=20260617080503,기계식,유선+무선,텐키리스,43g,916,"전용동글(리시버), 블루투스",한/영 정각,RGB 백라이트,저소음 바다축,,오테뮤,122691605,,https://prod.danawa.com/info/?pcode=122691605&cate=112782,True
앱코 MK87 저소음 텐키리스 멤브레인,앱코,17900,https://img.danuri.io/catalog-image/028/347/038/7db47a2eb3f44dc094459cf5f40c765c.jpg?shrink=130:130&_v=20260617080613,멤브레인,유선,텐키리스,0g,568,유선,한/영 정각,레인보우 백라이트,,,,38347028,,https://prod.danawa.com/info/?pcode=38347028&cate=112782,True
CORSAIR K70 RGB TKL CHAMPION 한글,CORSAIR,154000,https://img.danuri.io/catalog-image/607/855/013/5d029b85d2d248ac8b022d33bb926984.jpg?shrink=130:130&_v=20260617120422,기계식,유선,텐키리스,45g,930,유선,한/영 정각,RGB 백라이트,적축,MX Red,체리,13855598,,https://prod.danawa.com/info/?pcode=13855598&cate=112782,True
CORSAIR K70 RGB TKL CHAMPION 한글,CORSAIR,142000,https://img.danuri.io/catalog-image/607/855/013/5d029b85d2d248ac8b022d33bb926984.jpg?shrink=130:130&_v=20260617120422,기계식,유선,텐키리스,45g,930,유선,한/영 정각,RGB 백라이트,저소음 적축,,체리,13855607,,https://prod.danawa.com/info/?pcode=13855607&cate=112782,True
CORSAIR K70 RGB TKL CHAMPION 한글,CORSAIR,268900,https://img.danuri.io/catalog-image/607/855/013/5d029b85d2d248ac8b022d33bb926984.jpg?shrink=130:130&_v=20260617120422,기계식,유선,텐키리스,45g,930,유선,한/영 정각,RGB 백라이트,은축,,체리,15376475,,https://prod.danawa.com/info/?pcode=15376475&cate=112782,True
COX CKM400 키보드 마우스 세트,COX,19700,https://img.danuri.io/catalog-image/464/704/106/32cfccc49389435faf9f8bf630e3e596.jpg?shrink=130:130&_v=20260617080438,멤브레인,유선,풀배열,0g,525,유선,한/영 정각,레인보우 백라이트,,,,106704464,,https://prod.danawa.com/info/?pcode=106704464&cate=112782,True
마이크로닉스 MANIC KM330 무선 슬림 키보드 마우스 합본,마이크로닉스,13900,https://img.danuri.io/catalog-image/567/585/009/f15d01ee3c1843beaaf7422dc2fd288c.jpg?shrink=130:130&_v=20260617080419,멤브레인,무선,풀배열,0g,494,[키보드] 전용동글(리시버),정보없음,없음,,,,9585567,,https://prod.danawa.com/info/?pcode=9585567&cate=112782,True
COX CMF104 8K 무접점 보타니컬,COX,86000,https://img.danuri.io/catalog-image/447/508/076/e335a336eb9d4d9691b1971e08f333da.jpg?shrink=130:130&_v=20260617080443,무접점,유선,풀배열,45g,1157,유선,한/영 정각,없음,,,,76508447,,https://prod.danawa.com/info/?pcode=76508447&cate=112782,True
마이크로닉스 WARP WK-1 마닉축 RGB 게이밍 기계식 키보드 블랙,마이크로닉스,40500,https://img.danuri.io/catalog-image/040/761/014/221137290bd345fc84307669c7b1c3a4.jpg?shrink=130:130&_v=20260617080552,기계식,유선,풀배열,60g,1135,유선,레이저각인 키캡,레인보우 백라이트,적축,,독자 규격,14761205,,https://prod.danawa.com/info/?pcode=14761205&cate=112782,True
마이크로닉스 WARP WK-1 마닉축 RGB 게이밍 기계식 키보드 블랙,마이크로닉스,42500,https://img.danuri.io/catalog-image/040/761/014/221137290bd345fc84307669c7b1c3a4.jpg?shrink=130:130&_v=20260617080552,기계식,유선,풀배열,60g,1135,유선,레이저각인 키캡,레인보우 백라이트,갈축,,독자 규격,14761178,,https://prod.danawa.com/info/?pcode=14761178&cate=112782,True
마이크로닉스 WARP WK-1 마닉축 RGB 게이밍 기계식 키보드 블랙,마이크로닉스,40500,https://img.danuri.io/catalog-image/040/761/014/221137290bd345fc84307669c7b1c3a4.jpg?shrink=130:130&_v=20260617080552,기계식,유선,풀배열,60g,1135,유선,레이저각인 키캡,레인보우 백라이트,청축,,독자 규격,14761040,,https://prod.danawa.com/info/?pcode=14761040&cate=112782,True
COX 엠프리스 RGB PBT 완전방수 무접점 블랙,COX,119000,https://img.danuri.io/catalog-image/485/127/007/e3ec1a21ec654911acd2d490cdcb83e3.jpg?shrink=130:130&_v=20260617080613,무접점,유선,풀배열,50g,1300,유선,한/영 정각,RGB 백라이트,,,NIZ EC,7127485,,https://prod.danawa.com/info/?pcode=7127485&cate=112782,True
로지텍 K380S (정품),로지텍,42890,https://img.danuri.io/catalog-image/242/889/032/272afab4ea0b4441bba8675aead5ac99.jpg?shrink=130:130&_v=20260617080419,펜타그래프,무선,미니,0g,415,블루투스,한/영 정각,없음,,,,32889242,,https://prod.danawa.com/info/?pcode=32889242&cate=112782,True
앱코 AN04F PBT 특주축 게이밍 기계식 키보드,앱코,29900,https://img.danuri.io/catalog-image/124/091/018/648b0c010e7c4efb8e089a63faa05b8b.jpg?shrink=130:130&_v=20260617080447,기계식,유선,풀배열,60g,812,유선,한/영 정각,없음,,,Finekey,18091124,,https://prod.danawa.com/info/?pcode=18091124&cate=112782,True
COX CKP01 PRO 3모드 유무선 기계식,COX,38900,https://img.danuri.io/catalog-image/224/993/075/d07f27e6e1804c209e3aec785124c0bb.jpg?shrink=130:130&_v=20260617080448,기계식,유선+무선,19키,40g,255,"전용동글(리시버), 블루투스",정보없음,RGB 백라이트,,,후아노,75993224,,https://prod.danawa.com/info/?pcode=75993224&cate=112782,True
앱코 AP87W 3모드 유무선 게이밍 기계식,앱코,59900,https://img.danuri.io/catalog-image/645/186/101/420c7fa4a1f14c07b8c8cb1764f03f32.jpg?shrink=130:130&_v=20260617080508,기계식,유선+무선,텐키리스,40g,860,"전용동글(리시버), 블루투스",한/영 정각,RGB 백라이트,,,,101186645,,https://prod.danawa.com/info/?pcode=101186645&cate=112782,True
COX CK88 유무선 기계식 블랙로얄,COX,81340,https://img.danuri.io/catalog-image/304/810/094/c37ff1b986b847e48c9b1bfb2edc868d.jpg?shrink=130:130&_v=20260617080419,기계식,유선+무선,텐키리스,43g,1410,"전용동글(리시버), 블루투스",영문 정각,레인보우 백라이트,딥씨축,,,94810328,,https://prod.danawa.com/info/?pcode=94810328&cate=112782,True
COX CK88 유무선 기계식 블랙로얄,COX,67000,https://img.danuri.io/catalog-image/304/810/094/c37ff1b986b847e48c9b1bfb2edc868d.jpg?shrink=130:130&_v=20260617080419,기계식,유선+무선,텐키리스,43g,1410,"전용동글(리시버), 블루투스",영문 정각,레인보우 백라이트,바닐라 아이스크림축,,,94810295,,https://prod.danawa.com/info/?pcode=94810295&cate=112782,True
COX CK88 유무선 기계식 블랙로얄,COX,63650,https://img.danuri.io/catalog-image/304/810/094/c37ff1b986b847e48c9b1bfb2edc868d.jpg?shrink=130:130&_v=20260617080419,기계식,유선+무선,텐키리스,43g,1410,"전용동글(리시버), 블루투스",영문 정각,레인보우 백라이트,베이비 화이트축,,,94810304,,https://prod.danawa.com/info/?pcode=94810304&cate=112782,True
FL-ESPORTS Geo75 유무선 기계식 딥 그레이,FL-ESPORTS,119000,https://img.danuri.io/catalog-image/201/015/077/b1dd9bd51c6447418d0f3431139cb9d6.jpg?shrink=130:130&_v=20260617080448,기계식,유선+무선,미니,40g,2000,"전용동글(리시버), 블루투스",한/영 정각,RGB 백라이트,저소음 스노우축,,,77015201,,https://prod.danawa.com/info/?pcode=77015201&cate=112782,True
FL-ESPORTS Geo75 유무선 기계식 딥 그레이,FL-ESPORTS,119000,https://img.danuri.io/catalog-image/201/015/077/b1dd9bd51c6447418d0f3431139cb9d6.jpg?shrink=130:130&_v=20260617080448,기계식,유선+무선,미니,40g,2000,"전용동글(리시버), 블루투스",한/영 정각,RGB 백라이트,BCP,BCP,,77015207,,https://prod.danawa.com/info/?pcode=77015207&cate=112782,True
FL-ESPORTS Geo75 유무선 기계식 딥 그레이,FL-ESPORTS,109000,https://img.danuri.io/catalog-image/201/015/077/b1dd9bd51c6447418d0f3431139cb9d6.jpg?shrink=130:130&_v=20260617080448,기계식,유선+무선,미니,40g,2000,"전용동글(리시버), 블루투스",한/영 정각,RGB 백라이트,리치베리축,,,77015204,,https://prod.danawa.com/info/?pcode=77015204&cate=112782,True
ATK RS7 Air,ATK,98000,https://img.danuri.io/catalog-image/220/663/122/db4d6dc3e9b74f82987b1753486502b9.jpeg?shrink=130:130&_v=20260617080439,무접점 자석축,유선,미니,35g,900,유선,영문 정각,RGB 백라이트,,,,122663220,,https://prod.danawa.com/info/?pcode=122663220&cate=112782,True
앱코 KN35BT TKL DRT 8K 염료승화 블루투스 유무선 무접점,앱코,99000,https://img.danuri.io/catalog-image/247/059/056/8f6826616d4c4912a8630131c63e845c.jpg?shrink=130:130&_v=20260617092923,무접점,유선+무선,텐키리스,45g,900,블루투스,한/영 정각,없음,,,,56059247,,https://prod.danawa.com/info/?pcode=56059247&cate=112782,True
앱코 ACH105 오피스워커 유무선 기계식 라벤더,앱코,89000,https://img.danuri.io/catalog-image/739/690/103/69615bf8686e4bdeae99ecd5a9231737.jpeg?shrink=130:130&_v=20260617092944,기계식,유선+무선,풀배열,47g,1424,"전용동글(리시버), 블루투스",한/영 정각,RGB 백라이트,벚꽃축,,HAIMU,103690748,,https://prod.danawa.com/info/?pcode=103690748&cate=112782,True
앱코 ACH105 오피스워커 유무선 기계식 라벤더,앱코,79000,https://img.danuri.io/catalog-image/739/690/103/69615bf8686e4bdeae99ecd5a9231737.jpeg?shrink=130:130&_v=20260617092944,기계식,유선+무선,풀배열,47g,1424,"전용동글(리시버), 블루투스",한/영 정각,RGB 백라이트,저소음 바다소금축,,HAIMU,103690739,,https://prod.danawa.com/info/?pcode=103690739&cate=112782,True
앱코 ACH105 오피스워커 유무선 기계식 라벤더,앱코,79000,https://img.danuri.io/catalog-image/739/690/103/69615bf8686e4bdeae99ecd5a9231737.jpeg?shrink=130:130&_v=20260617092944,기계식,유선+무선,풀배열,47g,1424,"전용동글(리시버), 블루투스",한/영 정각,RGB 백라이트,저소음 택타일 바다소금축,,HAIMU,103690742,,https://prod.danawa.com/info/?pcode=103690742&cate=112782,True
앱코 AK99 유무선 기계식 핑크,앱코,58000,https://img.danuri.io/catalog-image/662/787/068/da861466515c430db1cc4973ecbf69b2.jpg?shrink=130:130&_v=20260617092921,기계식,유선+무선,99키,40g,989,"전용동글(리시버), 블루투스",한/영 정각,RGB 백라이트,저소음 피치축,,,68787662,,https://prod.danawa.com/info/?pcode=68787662&cate=112782,True
앱코 AK99 유무선 기계식 핑크,앱코,58000,https://img.danuri.io/catalog-image/662/787/068/da861466515c430db1cc4973ecbf69b2.jpg?shrink=130:130&_v=20260617092921,기계식,유선+무선,99키,40g,989,"전용동글(리시버), 블루투스",한/영 정각,RGB 백라이트,멜론축,,,68787644,,https://prod.danawa.com/info/?pcode=68787644&cate=112782,True
앱코 AN94BT 무선 블루투스 기계식 레몬바스켓,앱코,29900,https://img.danuri.io/catalog-image/467/769/035/0bd21cec9a9f42e5bfcf23d6cb2cebd6.jpg?shrink=130:130&_v=20260617080552,기계식,유선+무선,94키,50g,730,"전용동글(리시버), 블루투스",한/영 정각,없음,적축,,후아노,35769512,,https://prod.danawa.com/info/?pcode=35769512&cate=112782,True
앱코 AN94BT 무선 블루투스 기계식 레몬바스켓,앱코,34950,https://img.danuri.io/catalog-image/467/769/035/0bd21cec9a9f42e5bfcf23d6cb2cebd6.jpg?shrink=130:130&_v=20260617080552,기계식,유선+무선,94키,50g,730,"전용동글(리시버), 블루투스",한/영 정각,없음,갈축,,후아노,35769488,,https://prod.danawa.com/info/?pcode=35769488&cate=112782,True
앱코 AN94BT 무선 블루투스 기계식 레몬바스켓,앱코,29900,https://img.danuri.io/catalog-image/467/769/035/0bd21cec9a9f42e5bfcf23d6cb2cebd6.jpg?shrink=130:130&_v=20260617080552,기계식,유선+무선,94키,50g,730,"전용동글(리시버), 블루투스",한/영 정각,없음,청축,,후아노,35769467,,https://prod.danawa.com/info/?pcode=35769467&cate=112782,True
COX CMK87,COX,15900,https://img.danuri.io/catalog-image/712/463/075/0a6c0b95bde94220a71643f42c156207.jpg?shrink=130:130&_v=20260617080438,멤브레인,유선,텐키리스,50g,663,유선,한/영 정각,RGB 백라이트,,,,75463712,,https://prod.danawa.com/info/?pcode=75463712&cate=112782,True
발키리 VK-87 MERLIN 유무선 기계식,발키리,64990,https://img.danuri.io/catalog-image/406/061/072/18d330fb40704b47b264016f2fc9c7ca.jpg?shrink=130:130&_v=20260617080448,기계식,유선+무선,텐키리스,45g,839,"전용동글(리시버), 블루투스",한/영 정각,RGB 백라이트,,,,72061406,,https://prod.danawa.com/info/?pcode=72061406&cate=112782,True
CORSAIR K70 RGB CORE TKL 무선 기계식,CORSAIR,97500,https://img.danuri.io/catalog-image/602/692/067/81429d72ad4e48c2a0574e387e664a54.jpg?shrink=130:130&_v=20260617170217,기계식,무선,텐키리스,45g,804,"전용동글(리시버), 블루투스",한/영 정각,RGB 백라이트,저소음 은축,,,71502035,,https://prod.danawa.com/info/?pcode=71502035&cate=112782,True
CORSAIR K70 RGB CORE TKL 무선 기계식,CORSAIR,122000,https://img.danuri.io/catalog-image/602/692/067/81429d72ad4e48c2a0574e387e664a54.jpg?shrink=130:130&_v=20260617170217,기계식,무선,텐키리스,45g,804,"전용동글(리시버), 블루투스",한/영 정각,RGB 백라이트,적축,,,67692602,,https://prod.danawa.com/info/?pcode=67692602&cate=112782,True
COX CM87KDW 3모드 조약돌,COX,26900,https://img.danuri.io/catalog-image/773/721/101/e3525a7c4df94f8c81d41f872a944c5b.jpg?shrink=130:130&_v=20260617080448,멤브레인,유선+무선,텐키리스,45g,640,"전용동글(리시버), 블루투스",한/영 정각,RGB 백라이트,,,,101721773,,https://prod.danawa.com/info/?pcode=101721773&cate=112782,True
Createkeebs LUMINKEY Magger 68 HE 퍼포먼스,Createkeebs,139000,https://img.danuri.io/catalog-image/784/004/072/7eec6f4fcd7341e6ab1742d9d4906e7b.jpg?shrink=130:130&_v=20260617080448,무접점 자석축,유선,미니,30g,1150,유선,영문 정각,RGB 백라이트,,,게이트론,72004784,,https://prod.danawa.com/info/?pcode=72004784&cate=112782,True
마이크로닉스 MANIC KM530 무선 슬림 무소음 키보드 마우스 합본,마이크로닉스,18800,https://img.danuri.io/catalog-image/087/125/012/9460f971d24443ff8c965c86c66c71ef.jpg?shrink=130:130&_v=20260617153507,멤브레인,무선,풀배열,0g,497,[키보드] 전용동글(리시버),정보없음,없음,,,,12125087,,https://prod.danawa.com/info/?pcode=12125087&cate=112782,True
FL-ESPORTS Geo75 유무선 기계식 드림 그린,FL-ESPORTS,119000,https://img.danuri.io/catalog-image/722/501/090/426bb470f584498388f084494ec21f5d.jpg?shrink=130:130&_v=20260616080603,기계식,유선+무선,미니,40g,2000,"전용동글(리시버), 블루투스",한/영 정각,RGB 백라이트,저소음 스노우축,,,90501722,,https://prod.danawa.com/info/?pcode=90501722&cate=112782,True
FL-ESPORTS Geo75 유무선 기계식 드림 그린,FL-ESPORTS,119000,https://img.danuri.io/catalog-image/722/501/090/426bb470f584498388f084494ec21f5d.jpg?shrink=130:130&_v=20260616080603,기계식,유선+무선,미니,40g,2000,"전용동글(리시버), 블루투스",한/영 정각,RGB 백라이트,BCP,BCP,,90501740,,https://prod.danawa.com/info/?pcode=90501740&cate=112782,True
FL-ESPORTS Geo75 유무선 기계식 드림 그린,FL-ESPORTS,109000,https://img.danuri.io/catalog-image/722/501/090/426bb470f584498388f084494ec21f5d.jpg?shrink=130:130&_v=20260616080603,기계식,유선+무선,미니,40g,2000,"전용동글(리시버), 블루투스",한/영 정각,RGB 백라이트,리치베리축,,,90501749,,https://prod.danawa.com/info/?pcode=90501749&cate=112782,True
COX CK01 TKL PBT SL 기계식 키보드,COX,29900,https://img.danuri.io/catalog-image/348/185/015/084823b166fc4190816483d972831a89.jpg?shrink=130:130&_v=20260617080443,기계식,유선,텐키리스,60g,700,유선,한/영 정각,없음,저소음 백축,,,15185348,,https://prod.danawa.com/info/?pcode=15185348&cate=112782,True
COX CPL108 핑거 프로텍터 3모드 기계식 브리지 블루,COX,64900,https://img.danuri.io/catalog-image/785/635/122/835e699e091840f7a05967e9ad4910c0.jpg?shrink=130:130&_v=20260617140752,기계식,유선+무선,풀배열,40g,1250,"전용동글(리시버), 블루투스",한/영 정각,RGB 백라이트,덕킹축,,,102355265,,https://prod.danawa.com/info/?pcode=102355265&cate=112782,True
COX CPL108 핑거 프로텍터 3모드 기계식 브리지 블루,COX,64900,https://img.danuri.io/catalog-image/785/635/122/835e699e091840f7a05967e9ad4910c0.jpg?shrink=130:130&_v=20260617140752,기계식,유선+무선,풀배열,40g,1250,"전용동글(리시버), 블루투스",한/영 정각,RGB 백라이트,오렌지축,,,102355268,,https://prod.danawa.com/info/?pcode=102355268&cate=112782,True
COX CPL108 핑거 프로텍터 3모드 기계식 브리지 블루,COX,61100,https://img.danuri.io/catalog-image/785/635/122/835e699e091840f7a05967e9ad4910c0.jpg?shrink=130:130&_v=20260617140752,기계식,유선+무선,풀배열,40g,1250,"전용동글(리시버), 블루투스",한/영 정각,RGB 백라이트,저소음 안개축,,,122635785,,https://prod.danawa.com/info/?pcode=122635785&cate=112782,True
앱코 HACKER K150 텐키리스 레인보우 LED 게이밍 멤브레인,앱코,13000,https://img.danuri.io/catalog-image/091/015/011/6c7300db9f4948079f40833ed8df13b7.jpg?shrink=130:130&_v=20260617080501,멤브레인,유선,텐키리스,0g,550,유선,한/영 정각,레인보우 백라이트,,,,11015091,,https://prod.danawa.com/info/?pcode=11015091&cate=112782,True
COX CM105KDW 3모드 조약돌,COX,27900,https://img.danuri.io/catalog-image/848/721/101/ee9695fb4a2046f4a94a71e01a63c190.jpg?shrink=130:130&_v=20260617080448,멤브레인,유선+무선,풀배열,45g,810,"전용동글(리시버), 블루투스",한/영 정각,RGB 백라이트,,,,101721848,,https://prod.danawa.com/info/?pcode=101721848&cate=112782,True
CORSAIR K70 PRO TKL OPX 기계식 타이핑고래,CORSAIR,189500,https://img.danuri.io/catalog-image/411/001/070/9477b3bb440347c7adf6134928182c88.jpg?shrink=130:130&_v=20260617080448,기계식,유선,텐키리스,45g,930,유선,한/영 정각,RGB 백라이트,,,,70001411,,https://prod.danawa.com/info/?pcode=70001411&cate=112782,True
발키리 VK-99 PRO LVBU 유무선 기계식,발키리,97990,https://img.danuri.io/catalog-image/179/978/072/e0aae728d961433ab0c78659cd4d6c05.jpg?shrink=130:130&_v=20260617080438,기계식,유선+무선,99키,43g,1165,"전용동글(리시버), 블루투스",한/영 정각,RGB 백라이트,,,TTC,72978179,,https://prod.danawa.com/info/?pcode=72978179&cate=112782,True
마이크로닉스 WIZMAX W85TKL 유무선 기계식 한글,마이크로닉스,82820,https://img.danuri.io/catalog-image/032/374/031/cd3869a0a6524214a7e81780519427a5.jpg?shrink=130:130&_v=20260617080507,기계식,유선+무선,미니,50g,765,"전용동글(리시버), 블루투스",한/영 정각,단색 백라이트,,,게이트론,31374032,,https://prod.danawa.com/info/?pcode=31374032&cate=112782,True
앱코 K840 사각 레트로 축교환 기계식 블랙,앱코,38900,https://img.danuri.io/catalog-image/857/825/015/c2d4ebe796514c8aa8f72f73df9e72e6.jpg?shrink=130:130&_v=20260617201157,기계식,유선,풀배열,45g,870,유선,한/영 정각,레인보우 백라이트,적축,,GTMX,15825857,,https://prod.danawa.com/info/?pcode=15825857&cate=112782,True
앱코 K840 사각 레트로 축교환 기계식 블랙,앱코,38900,https://img.danuri.io/catalog-image/857/825/015/c2d4ebe796514c8aa8f72f73df9e72e6.jpg?shrink=130:130&_v=20260617201157,기계식,유선,풀배열,45g,870,유선,한/영 정각,레인보우 백라이트,갈축,,GTMX,15825842,,https://prod.danawa.com/info/?pcode=15825842&cate=112782,True
앱코 K840 사각 레트로 축교환 기계식 블랙,앱코,38900,https://img.danuri.io/catalog-image/857/825/015/c2d4ebe796514c8aa8f72f73df9e72e6.jpg?shrink=130:130&_v=20260617201157,기계식,유선,풀배열,45g,870,유선,한/영 정각,레인보우 백라이트,청축,,GTMX,15825632,,https://prod.danawa.com/info/?pcode=15825632&cate=112782,True
darkFlash GD68 유무선 기계식,darkFlash,44490,https://img.danuri.io/catalog-image/486/889/028/7a46b66576744b96aba0640bcd2dfbc7.jpg?shrink=130:130&_v=20260617080507,기계식,유선+무선,미니,45g,943,"전용동글(리시버), 블루투스",한/영 정각,없음,,,,28889486,,https://prod.danawa.com/info/?pcode=28889486&cate=112782,True
Razer Ornata V3 TKL + DeathAdder Essential + Gigantus V2 Blackpink edition,Razer,259000,https://img.danuri.io/catalog-image/686/663/122/c454d74a2426405e94b5886c50684558.jpeg?shrink=130:130&_v=20260617080613,멤브레인,유선,텐키리스,0g,644,유선,영문 정각,LED라이트,,,,122663686,,https://prod.danawa.com/info/?pcode=122663686&cate=112782,True
Razer Huntsman V3 TKL 8K US,Razer,269000,https://img.danuri.io/catalog-image/239/657/122/acaed6527012405686682a4304c2d59b.jpeg?shrink=130:130&_v=20260617185752,무접점 광축,유선,텐키리스,40g,795,유선,영문 정각,RGB 백라이트,,,,122657239,,https://prod.danawa.com/info/?pcode=122657239&cate=112782,True
마이크로닉스 워프 WK2 마닉축 RGB 게이밍 기계식 키보드,마이크로닉스,29900,https://img.danuri.io/catalog-image/441/331/016/6be9b30590784cd6ae1a6e886b7ecb61.jpg?shrink=130:130&_v=20260617080419,기계식,유선,풀배열,60g,1184,유선,레이저각인 키캡,RGB 백라이트,적축,,독자 규격,16331504,,https://prod.danawa.com/info/?pcode=16331504&cate=112782,True
마이크로닉스 워프 WK2 마닉축 RGB 게이밍 기계식 키보드,마이크로닉스,89000,https://img.danuri.io/catalog-image/441/331/016/6be9b30590784cd6ae1a6e886b7ecb61.jpg?shrink=130:130&_v=20260617080419,기계식,유선,풀배열,60g,1184,유선,레이저각인 키캡,RGB 백라이트,갈축,,독자 규격,16331450,,https://prod.danawa.com/info/?pcode=16331450&cate=112782,True
마이크로닉스 워프 WK2 마닉축 RGB 게이밍 기계식 키보드,마이크로닉스,29900,https://img.danuri.io/catalog-image/441/331/016/6be9b30590784cd6ae1a6e886b7ecb61.jpg?shrink=130:130&_v=20260617080419,기계식,유선,풀배열,60g,1184,유선,레이저각인 키캡,RGB 백라이트,청축,,독자 규격,16331441,,https://prod.danawa.com/info/?pcode=16331441&cate=112782,True
CORSAIR 뱅가드 96 MLX 게이밍 기계식,CORSAIR,205100,https://img.danuri.io/catalog-image/313/245/098/54ec87aec7884ee1b5ab240460d212f0.jpg?shrink=130:130&_v=20260617190547,기계식,유선,96키,45g,994,유선,한/영 정각,RGB 백라이트,퀀텀축,,,98245313,,https://prod.danawa.com/info/?pcode=98245313&cate=112782,True
CORSAIR 뱅가드 96 MLX 게이밍 기계식,CORSAIR,177000,https://img.danuri.io/catalog-image/313/245/098/54ec87aec7884ee1b5ab240460d212f0.jpg?shrink=130:130&_v=20260617190547,기계식,유선,96키,45g,994,유선,한/영 정각,RGB 백라이트,퓨전축,,,98245298,,https://prod.danawa.com/info/?pcode=98245298&cate=112782,True
CORSAIR 뱅가드 96 MLX 게이밍 기계식,CORSAIR,177000,https://img.danuri.io/catalog-image/313/245/098/54ec87aec7884ee1b5ab240460d212f0.jpg?shrink=130:130&_v=20260617190547,기계식,유선,96키,45g,994,유선,한/영 정각,RGB 백라이트,플라스마축,,,98245292,,https://prod.danawa.com/info/?pcode=98245292&cate=112782,True
Razer Ornata V3 TKL Blackpink edition,Razer,179000,https://img.danuri.io/catalog-image/078/645/122/836961c88e944addbeda55ac29745712.jpeg?shrink=130:130&_v=20260617080443,멤브레인,유선,텐키리스,0g,644,유선,영문 정각,RGB 백라이트,,,RAZER 메카,122645078,,https://prod.danawa.com/info/?pcode=122645078&cate=112782,True
CORSAIR K55 CORE RGB 멤브레인 게이밍,CORSAIR,53700,https://img.danuri.io/catalog-image/448/770/035/db835851e123437c8c5b530e7f78b3a1.jpg?shrink=130:130&_v=20260617080448,멤브레인,유선,풀배열,0g,752,유선,레이저각인 키캡,RGB 백라이트,,,,35770448,,https://prod.danawa.com/info/?pcode=35770448&cate=112782,True
마이크로닉스 WIZMAX W85TKL 유무선 기계식 영문,마이크로닉스,56100,https://img.danuri.io/catalog-image/107/374/031/5104934624c3466ebdf3132792e34209.jpg?shrink=130:130&_v=20260617080443,기계식,유선+무선,미니,50g,765,"전용동글(리시버), 블루투스",영문 정각,단색 백라이트,,,게이트론,31374107,,https://prod.danawa.com/info/?pcode=31374107&cate=112782,True
앱코 KN01C 텐키리스 PBT 무접점 키보드 핑크,앱코,69000,https://img.danuri.io/catalog-image/654/230/015/8bcda6e287934f94a71257e874ea092b.jpg?shrink=130:130&_v=20260617092632,무접점,유선,텐키리스,45g,790,유선,한/영 정각,RGB 백라이트,,,NIZ EC,15230654,,https://prod.danawa.com/info/?pcode=15230654&cate=112782,True
COX CPL108 핑거 프로텍터 3모드 기계식 더스티 베이지,COX,64900,https://img.danuri.io/catalog-image/786/635/122/cdf5826331c34798a7dcf3350a66bc4c.jpg?shrink=130:130&_v=20260617140752,기계식,유선+무선,풀배열,40g,1250,"블루투스, 전용동글(리시버)",한/영 정각,RGB 백라이트,덕킹축,,,102355277,,https://prod.danawa.com/info/?pcode=102355277&cate=112782,True
COX CPL108 핑거 프로텍터 3모드 기계식 더스티 베이지,COX,64900,https://img.danuri.io/catalog-image/786/635/122/cdf5826331c34798a7dcf3350a66bc4c.jpg?shrink=130:130&_v=20260617140752,기계식,유선+무선,풀배열,40g,1250,"블루투스, 전용동글(리시버)",한/영 정각,RGB 백라이트,오렌지축,,,102355271,,https://prod.danawa.com/info/?pcode=102355271&cate=112782,True
COX CPL108 핑거 프로텍터 3모드 기계식 더스티 베이지,COX,61100,https://img.danuri.io/catalog-image/786/635/122/cdf5826331c34798a7dcf3350a66bc4c.jpg?shrink=130:130&_v=20260617140752,기계식,유선+무선,풀배열,40g,1250,"블루투스, 전용동글(리시버)",한/영 정각,RGB 백라이트,저소음 안개축,,,122635786,,https://prod.danawa.com/info/?pcode=122635786&cate=112782,True
앱코 AN94BT 무선 블루투스 기계식 솜사탕,앱코,29900,https://img.danuri.io/catalog-image/404/769/035/8198ad736b804a4687e8c74a52dfda01.jpg?shrink=130:130&_v=20260617080443,기계식,유선+무선,94키,50g,730,"전용동글(리시버), 블루투스",한/영 정각,없음,적축,,후아노,35769446,,https://prod.danawa.com/info/?pcode=35769446&cate=112782,True
앱코 AN94BT 무선 블루투스 기계식 솜사탕,앱코,29900,https://img.danuri.io/catalog-image/404/769/035/8198ad736b804a4687e8c74a52dfda01.jpg?shrink=130:130&_v=20260617080443,기계식,유선+무선,94키,50g,730,"전용동글(리시버), 블루투스",한/영 정각,없음,갈축,,후아노,35769440,,https://prod.danawa.com/info/?pcode=35769440&cate=112782,True
앱코 AN94BT 무선 블루투스 기계식 솜사탕,앱코,29900,https://img.danuri.io/catalog-image/404/769/035/8198ad736b804a4687e8c74a52dfda01.jpg?shrink=130:130&_v=20260617080443,기계식,유선+무선,94키,50g,730,"전용동글(리시버), 블루투스",한/영 정각,없음,청축,,후아노,35769404,,https://prod.danawa.com/info/?pcode=35769404&cate=112782,True
앱코 AN02 핑크 RGB BAR 축교환 기계식 키보드,앱코,39900,https://img.danuri.io/catalog-image/802/650/014/de58628b5ac449459a15223b2f18aa7a.jpg?shrink=130:130&_v=20260617092903,기계식,유선,풀배열,50g,830,유선,한/영 정각,단색 백라이트,갈축,,GTMX,14650808,,https://prod.danawa.com/info/?pcode=14650808&cate=112782,True
앱코 AN02 핑크 RGB BAR 축교환 기계식 키보드,앱코,19900,https://img.danuri.io/catalog-image/802/650/014/de58628b5ac449459a15223b2f18aa7a.jpg?shrink=130:130&_v=20260617092903,기계식,유선,풀배열,50g,830,유선,한/영 정각,단색 백라이트,청축,,GTMX,14650802,,https://prod.danawa.com/info/?pcode=14650802&cate=112782,True
COX CS87 유무선 기계식,COX,58900,https://img.danuri.io/catalog-image/005/711/096/995aa381299b40199ed42088c79f5b1e.jpg?shrink=130:130&_v=20260617080613,기계식,유선+무선,텐키리스,45g,950,"전용동글(리시버), 블루투스",한/영 정각,RGB 백라이트,맘모스축,,,96711005,,https://prod.danawa.com/info/?pcode=96711005&cate=112782,True
COX CS87 유무선 기계식,COX,62900,https://img.danuri.io/catalog-image/005/711/096/995aa381299b40199ed42088c79f5b1e.jpg?shrink=130:130&_v=20260617080613,기계식,유선+무선,텐키리스,45g,950,"전용동글(리시버), 블루투스",한/영 정각,RGB 백라이트,벚꽃축,,,96711035,,https://prod.danawa.com/info/?pcode=96711035&cate=112782,True
COX 엔데버 텐키리스 RGB PBT 완전방수 무접점 블랙,COX,185890,https://img.danuri.io/catalog-image/913/345/008/23cbc8b6c98c4591a3ae72cbd47fe07e.jpg?shrink=130:130&_v=20260617080508,무접점,유선,텐키리스,35g,1100,유선,한/영 정각,RGB 백라이트,,,NIZ EC,8345913,,https://prod.danawa.com/info/?pcode=8345913&cate=112782,True
CORSAIR MAKR 75 기계식 DIY 키트 베어본 MLX 펄스축,CORSAIR,318380,https://img.danuri.io/catalog-image/682/046/102/3934eeeddf4a48f18698e03fc052f6aa.jpg?shrink=130:130&_v=20260617080502,기계식,유선,미니,45g,916,유선,영문 정각,RGB 백라이트,,,,102046682,,https://prod.danawa.com/info/?pcode=102046682&cate=112782,True
FL-ESPORTS Geo65 유무선 기계식 버블 블루,FL-ESPORTS,98000,https://img.danuri.io/catalog-image/108/015/077/ff4f95b490ce4d55b153209d908a1dda.jpg?shrink=130:130&_v=20260617080448,기계식,유선+무선,미니,40g,1530,"전용동글(리시버), 블루투스",한/영 정각,RGB 백라이트,저소음 스노우축,,,77015108,,https://prod.danawa.com/info/?pcode=77015108&cate=112782,True
FL-ESPORTS Geo65 유무선 기계식 버블 블루,FL-ESPORTS,109000,https://img.danuri.io/catalog-image/108/015/077/ff4f95b490ce4d55b153209d908a1dda.jpg?shrink=130:130&_v=20260617080448,기계식,유선+무선,미니,40g,1530,"전용동글(리시버), 블루투스",한/영 정각,RGB 백라이트,BCP,BCP,,77015114,,https://prod.danawa.com/info/?pcode=77015114&cate=112782,True
FL-ESPORTS Geo65 유무선 기계식 버블 블루,FL-ESPORTS,98000,https://img.danuri.io/catalog-image/108/015/077/ff4f95b490ce4d55b153209d908a1dda.jpg?shrink=130:130&_v=20260617080448,기계식,유선+무선,미니,40g,1530,"전용동글(리시버), 블루투스",한/영 정각,RGB 백라이트,리치베리축,,,77015111,,https://prod.danawa.com/info/?pcode=77015111&cate=112782,True
COX 엠프리스 RGB PBT 완전방수 무접점 화이트,COX,119000,https://img.danuri.io/catalog-image/811/342/008/ad4055cdee624001af096ac46fc2d34e.jpg?shrink=130:130&_v=20260617080507,무접점,유선,풀배열,35g,1300,유선,한/영 정각,RGB 백라이트,,,NIZ EC,8342811,,https://prod.danawa.com/info/?pcode=8342811&cate=112782,True
CORSAIR Drop Expression Series 기계식,CORSAIR,175000,https://img.danuri.io/catalog-image/191/465/069/c2ef0fee94f5471bab621abae67be03f.jpg?shrink=130:130&_v=20260617080451,기계식,유선,텐키리스,50g,930,유선,영문 정각,단색 백라이트,,,게이트론,69465191,,https://prod.danawa.com/info/?pcode=69465191&cate=112782,True
COX CS108 유무선 기계식,COX,62900,https://img.danuri.io/catalog-image/014/978/096/0c8d2aab928e441eb67c89df21acd1f0.jpg?shrink=130:130&_v=20260617080443,기계식,유선+무선,풀배열,43g,1200,"전용동글(리시버), 블루투스",한/영 정각,RGB 백라이트,맘모스축,,,96978002,,https://prod.danawa.com/info/?pcode=96978002&cate=112782,True
COX CS108 유무선 기계식,COX,62900,https://img.danuri.io/catalog-image/014/978/096/0c8d2aab928e441eb67c89df21acd1f0.jpg?shrink=130:130&_v=20260617080443,기계식,유선+무선,풀배열,43g,1200,"전용동글(리시버), 블루투스",한/영 정각,RGB 백라이트,벚꽃축,,,96978014,,https://prod.danawa.com/info/?pcode=96978014&cate=112782,True
COX CMK63R,COX,44000,https://img.danuri.io/catalog-image/803/372/075/33610ec8e76d489aa8ea24f460f3bbae.jpg?shrink=130:130&_v=20260617080451,무접점 자석축,유선,미니,37g,888,유선,영문 정각,RGB 백라이트,,,,75372803,,https://prod.danawa.com/info/?pcode=75372803&cate=112782,True
마이크로닉스 워프 WK3 마닉축 블루투스 RGB 텐키리스 게이밍 기계식 키보드,마이크로닉스,186190,https://img.danuri.io/catalog-image/071/332/016/c65b993b6680485ab86481a760f8e778.jpg?shrink=130:130&_v=20260617080451,기계식,유선+무선,텐키리스,50g,817,"전용동글(리시버), 블루투스",레이저각인 키캡,RGB 백라이트,적축,,독자 규격,16332077,,https://prod.danawa.com/info/?pcode=16332077&cate=112782,True
마이크로닉스 워프 WK3 마닉축 블루투스 RGB 텐키리스 게이밍 기계식 키보드,마이크로닉스,79900,https://img.danuri.io/catalog-image/071/332/016/c65b993b6680485ab86481a760f8e778.jpg?shrink=130:130&_v=20260617080451,기계식,유선+무선,텐키리스,50g,817,"전용동글(리시버), 블루투스",레이저각인 키캡,RGB 백라이트,갈축,,독자 규격,16332071,,https://prod.danawa.com/info/?pcode=16332071&cate=112782,True
마이크로닉스 워프 WK3 마닉축 블루투스 RGB 텐키리스 게이밍 기계식 키보드,마이크로닉스,65000,https://img.danuri.io/catalog-image/071/332/016/c65b993b6680485ab86481a760f8e778.jpg?shrink=130:130&_v=20260617080451,기계식,유선+무선,텐키리스,50g,817,"전용동글(리시버), 블루투스",레이저각인 키캡,RGB 백라이트,청축,,독자 규격,16332011,,https://prod.danawa.com/info/?pcode=16332011&cate=112782,True
LEOBOG Hi8SE 유무선 기계식 스카이 실버,LEOBOG,99000,https://img.danuri.io/catalog-image/570/312/077/e3e218cc0a20448c86914d812b80a92e.jpg?shrink=130:130&_v=20260617080443,기계식,유선+무선,미니,40g,1600,전용동글(리시버),한/영 정각,RGB 백라이트,세이야축,SEIYA 세이야,,77312570,,https://prod.danawa.com/info/?pcode=77312570&cate=112782,True
LEOBOG Hi8SE 유무선 기계식 스카이 실버,LEOBOG,109000,https://img.danuri.io/catalog-image/570/312/077/e3e218cc0a20448c86914d812b80a92e.jpg?shrink=130:130&_v=20260617080443,기계식,유선+무선,미니,40g,1600,전용동글(리시버),한/영 정각,RGB 백라이트,저소음 바다축,,,78612401,,https://prod.danawa.com/info/?pcode=78612401&cate=112782,True
COX COS10 유선 키보드 마우스 세트,COX,8900,https://img.danuri.io/catalog-image/683/979/011/ee7b7a2f031f4579904fbdcbb493be6c.jpg?shrink=130:130&_v=20260617092939,멤브레인,유선,풀배열,0g,345,유선,한/영 정각,없음,,,,11979683,,https://prod.danawa.com/info/?pcode=11979683&cate=112782,True
CORSAIR K55 CORE TKL 멤브레인,CORSAIR,44000,https://img.danuri.io/catalog-image/371/998/094/bd9d7d8817ff4300b26f47abc104f505.jpg?shrink=130:130&_v=20260617115356,멤브레인,유선,텐키리스,0g,617,유선,레이저각인 키캡,레인보우 백라이트,,,,94998371,,https://prod.danawa.com/info/?pcode=94998371&cate=112782,True
COX CK20th Century 멤브레인,COX,16500,https://img.danuri.io/catalog-image/863/191/028/8443d4020a954ad6b7f63f37d4aa601b.jpg?shrink=130:130&_v=20260617080508,멤브레인,유선,풀배열,0g,760,유선,레이저각인 키캡,없음,,,,28191863,,https://prod.danawa.com/info/?pcode=28191863&cate=112782,True
MOUNTAIN EVEREST MAX 그레이,MOUNTAIN,495000,https://img.danuri.io/catalog-image/478/848/017/3841c3bd8b8d4ee9b896210a3b3b190e.jpg?shrink=130:130&_v=20260617080613,기계식,유선,풀배열,45g,1373,유선,영문 정각,RGB 백라이트,적축,MX Red,체리,17848460,,https://prod.danawa.com/info/?pcode=17848460&cate=112782,True
MOUNTAIN EVEREST MAX 그레이,MOUNTAIN,495000,https://img.danuri.io/catalog-image/478/848/017/3841c3bd8b8d4ee9b896210a3b3b190e.jpg?shrink=130:130&_v=20260617080613,기계식,유선,풀배열,45g,1373,유선,영문 정각,RGB 백라이트,저소음 적축,,체리,17848478,,https://prod.danawa.com/info/?pcode=17848478&cate=112782,True
MOUNTAIN EVEREST MAX 그레이,MOUNTAIN,459990,https://img.danuri.io/catalog-image/478/848/017/3841c3bd8b8d4ee9b896210a3b3b190e.jpg?shrink=130:130&_v=20260617080613,기계식,유선,풀배열,45g,1373,유선,영문 정각,RGB 백라이트,갈축,,체리,17848433,,https://prod.danawa.com/info/?pcode=17848433&cate=112782,True
FL-ESPORTS NX108HE 네온 그레이,FL-ESPORTS,98000,https://img.danuri.io/catalog-image/209/685/122/009783ce457e4e1a80d21deb20676af7.jpeg?shrink=130:130&_v=20260617134642,무접점 자석축,유선,풀배열,30g,1180,유선,한/영 정각,RGB 백라이트,레몬축,,,122685209,,https://prod.danawa.com/info/?pcode=122685209&cate=112782,True
FL-ESPORTS NX108HE 네온 그레이,FL-ESPORTS,98000,https://img.danuri.io/catalog-image/209/685/122/009783ce457e4e1a80d21deb20676af7.jpeg?shrink=130:130&_v=20260617134642,무접점 자석축,유선,풀배열,30g,1180,유선,한/영 정각,RGB 백라이트,아이비축,,,122685205,,https://prod.danawa.com/info/?pcode=122685205&cate=112782,True
FL-ESPORTS NX108HE 네온 그레이,FL-ESPORTS,109000,https://img.danuri.io/catalog-image/209/685/122/009783ce457e4e1a80d21deb20676af7.jpeg?shrink=130:130&_v=20260617134642,무접점 자석축,유선,풀배열,30g,1180,유선,한/영 정각,RGB 백라이트,저소음 스톰축,,,122686541,,https://prod.danawa.com/info/?pcode=122686541&cate=112782,True
CORSAIR K65 RGB PLUS 유무선 게이밍 기계식 영문,CORSAIR,155000,https://img.danuri.io/catalog-image/370/686/068/ce58d645723444cba7a4df5468efd385.jpg?shrink=130:130&_v=20260617170902,기계식,유선+무선,미니,40g,918,"전용동글(리시버), 블루투스",영문 정각,RGB 백라이트,,,CORSAIR,68686370,,https://prod.danawa.com/info/?pcode=68686370&cate=112782,True
앱코 K669 카일 광축 게이밍,앱코,66130,https://img.danuri.io/catalog-image/820/690/019/71eac0988c0f4b1ca1abe027312fcf30.jpg?shrink=130:130&_v=20260617080448,무접점 광축,유선,풀배열,55g,1260,유선,한/영 정각,레인보우 백라이트,,,카일,19690820,,https://prod.danawa.com/info/?pcode=19690820&cate=112782,True
ATK RS6 Air,ATK,89000,https://img.danuri.io/catalog-image/174/663/122/93d3ad81933640c792614a30166b2989.jpeg?shrink=130:130&_v=20260617080438,무접점 자석축,유선,미니,35g,710,유선,영문 정각,RGB 백라이트,,,,122663174,,https://prod.danawa.com/info/?pcode=122663174&cate=112782,True
Razer BlackWidow V4 75% 기계식 Phantom White,Razer,319000,https://img.danuri.io/catalog-image/652/712/099/093ab44840cc41b4a5a4e94a2cd6c2fa.jpg?shrink=130:130&_v=20260617185752,기계식,유선,미니,50g,815,유선,정보없음,RGB 백라이트,,,RAZER,99712652,,https://prod.danawa.com/info/?pcode=99712652&cate=112782,True
COX CK88 유무선 기계식 민트화이트,COX,83000,https://img.danuri.io/catalog-image/902/787/068/76f295e2b9fb4435a5c17cea8938029d.jpg?shrink=130:130&_v=20260617080451,기계식,유선+무선,텐키리스,43g,1410,"전용동글(리시버), 블루투스",영문 정각,레인보우 백라이트,딥씨축,,,68787860,,https://prod.danawa.com/info/?pcode=68787860&cate=112782,True
COX CK88 유무선 기계식 민트화이트,COX,67000,https://img.danuri.io/catalog-image/902/787/068/76f295e2b9fb4435a5c17cea8938029d.jpg?shrink=130:130&_v=20260617080451,기계식,유선+무선,텐키리스,43g,1410,"전용동글(리시버), 블루투스",영문 정각,레인보우 백라이트,베이비 화이트축,,,68787902,,https://prod.danawa.com/info/?pcode=68787902&cate=112782,True
CORSAIR K70 RGB TKL OPX 광적축 게이밍 기계식 키보드,CORSAIR,199000,https://img.danuri.io/catalog-image/421/795/016/8787e71493e547dab11f5dfb732dc806.jpg?shrink=130:130&_v=20260617164013,무접점 광축,유선,텐키리스,45g,930,유선,한/영 정각,RGB 백라이트,,,독자 규격,16795421,,https://prod.danawa.com/info/?pcode=16795421&cate=112782,True
COX CK01 TKL PBT 기계식 키보드,COX,29900,https://img.danuri.io/catalog-image/789/393/014/cbe03197e1974f5cb139dab13c794d94.jpg?shrink=130:130&_v=20260617080551,기계식,유선,텐키리스,45g,700,유선,한/영 정각,없음,적축,,,14393789,,https://prod.danawa.com/info/?pcode=14393789&cate=112782,True
COX CK01 TKL PBT 기계식 키보드,COX,29900,https://img.danuri.io/catalog-image/789/393/014/cbe03197e1974f5cb139dab13c794d94.jpg?shrink=130:130&_v=20260617080551,기계식,유선,텐키리스,45g,700,유선,한/영 정각,없음,갈축,,,14393792,,https://prod.danawa.com/info/?pcode=14393792&cate=112782,True
COX CK01 TKL PBT 기계식 키보드,COX,29620,https://img.danuri.io/catalog-image/789/393/014/cbe03197e1974f5cb139dab13c794d94.jpg?shrink=130:130&_v=20260617080551,기계식,유선,텐키리스,45g,700,유선,한/영 정각,없음,청축,,,14393774,,https://prod.danawa.com/info/?pcode=14393774&cate=112782,True
앱코 HACKER K515 축교환 측면 RGB 라이팅 이중사출 게이밍 기계식 블랙,앱코,40900,https://img.danuri.io/catalog-image/162/321/009/586b397a08f44942bb643c071fe2617e.jpg?shrink=130:130&_v=20260617080613,기계식,유선,풀배열,50g,840,유선,한/영 정각,레인보우 백라이트,적축,,GTMX,9326487,,https://prod.danawa.com/info/?pcode=9326487&cate=112782,True
앱코 HACKER K515 축교환 측면 RGB 라이팅 이중사출 게이밍 기계식 블랙,앱코,40900,https://img.danuri.io/catalog-image/162/321/009/586b397a08f44942bb643c071fe2617e.jpg?shrink=130:130&_v=20260617080613,기계식,유선,풀배열,50g,840,유선,한/영 정각,레인보우 백라이트,갈축,,GTMX,9326469,,https://prod.danawa.com/info/?pcode=9326469&cate=112782,True
앱코 HACKER K515 축교환 측면 RGB 라이팅 이중사출 게이밍 기계식 블랙,앱코,40900,https://img.danuri.io/catalog-image/162/321/009/586b397a08f44942bb643c071fe2617e.jpg?shrink=130:130&_v=20260617080613,기계식,유선,풀배열,50g,840,유선,한/영 정각,레인보우 백라이트,청축,,GTMX,9321162,,https://prod.danawa.com/info/?pcode=9321162&cate=112782,True
COX CK480 교체축 게이밍 기계식 그레이&핑크,COX,18240,https://img.danuri.io/catalog-image/530/113/091/cf2406bc95e04cee95ff0546b8999345.jpg?shrink=130:130&_v=20260617080551,기계식,유선,텐키리스,45g,500,유선,한/영 정각,RGB 백라이트,갈축,,,91113524,,https://prod.danawa.com/info/?pcode=91113524&cate=112782,True
COX CK480 교체축 게이밍 기계식 그레이&핑크,COX,24400,https://img.danuri.io/catalog-image/530/113/091/cf2406bc95e04cee95ff0546b8999345.jpg?shrink=130:130&_v=20260617080551,기계식,유선,텐키리스,45g,500,유선,한/영 정각,RGB 백라이트,적축,,,91113530,,https://prod.danawa.com/info/?pcode=91113530&cate=112782,True
COX CK480 교체축 게이밍 기계식 그레이&핑크,COX,27900,https://img.danuri.io/catalog-image/530/113/091/cf2406bc95e04cee95ff0546b8999345.jpg?shrink=130:130&_v=20260617080551,기계식,유선,텐키리스,45g,500,유선,한/영 정각,RGB 백라이트,청축,,,91113536,,https://prod.danawa.com/info/?pcode=91113536&cate=112782,True
앱코 AK87 3모드 OTEMU 특주축 유무선 기계식 다크 그라데이션,앱코,75000,https://img.danuri.io/catalog-image/659/826/074/7ff9430112d84fc1b6e30f339ae87467.jpg?shrink=130:130&_v=20260617160312,기계식,유선+무선,텐키리스,40g,1024,"전용동글(리시버), 블루투스",정보없음,RGB 백라이트,저소음 피치축,,,74826659,,https://prod.danawa.com/info/?pcode=74826659&cate=112782,True
앱코 AK87 3모드 OTEMU 특주축 유무선 기계식 다크 그라데이션,앱코,55000,https://img.danuri.io/catalog-image/659/826/074/7ff9430112d84fc1b6e30f339ae87467.jpg?shrink=130:130&_v=20260617160312,기계식,유선+무선,텐키리스,40g,1024,"전용동글(리시버), 블루투스",정보없음,RGB 백라이트,멜론축,,,74828639,,https://prod.danawa.com/info/?pcode=74828639&cate=112782,True
COX CK580 교체축 게이밍 기계식 화이트,COX,28900,https://img.danuri.io/catalog-image/374/113/091/6609f6d27d114c16a575b017657c20b8.jpg?shrink=130:130&_v=20260617080552,기계식,유선,풀배열,45g,500,유선,한/영 정각,RGB 백라이트,갈축,,,91113371,,https://prod.danawa.com/info/?pcode=91113371&cate=112782,True
COX CK580 교체축 게이밍 기계식 화이트,COX,28900,https://img.danuri.io/catalog-image/374/113/091/6609f6d27d114c16a575b017657c20b8.jpg?shrink=130:130&_v=20260617080552,기계식,유선,풀배열,45g,500,유선,한/영 정각,RGB 백라이트,적축,,,91113374,,https://prod.danawa.com/info/?pcode=91113374&cate=112782,True
COX CK580 교체축 게이밍 기계식 화이트,COX,26230,https://img.danuri.io/catalog-image/374/113/091/6609f6d27d114c16a575b017657c20b8.jpg?shrink=130:130&_v=20260617080552,기계식,유선,풀배열,45g,500,유선,한/영 정각,RGB 백라이트,청축,,,91113383,,https://prod.danawa.com/info/?pcode=91113383&cate=112782,True
마이크로닉스 WARP WK-1 마닉축 RGB 게이밍 기계식 키보드 화이트,마이크로닉스,84000,https://img.danuri.io/catalog-image/373/761/014/219e8bd8166e48eeb120b5f6edd9b655.jpg?shrink=130:130&_v=20260617080501,기계식,유선,풀배열,50g,1135,유선,레이저각인 키캡,레인보우 백라이트,적축,,독자 규격,14761394,,https://prod.danawa.com/info/?pcode=14761394&cate=112782,True
마이크로닉스 WARP WK-1 마닉축 RGB 게이밍 기계식 키보드 화이트,마이크로닉스,45900,https://img.danuri.io/catalog-image/373/761/014/219e8bd8166e48eeb120b5f6edd9b655.jpg?shrink=130:130&_v=20260617080501,기계식,유선,풀배열,50g,1135,유선,레이저각인 키캡,레인보우 백라이트,갈축,,독자 규격,14761373,,https://prod.danawa.com/info/?pcode=14761373&cate=112782,True
마이크로닉스 WARP WK-1 마닉축 RGB 게이밍 기계식 키보드 화이트,마이크로닉스,59900,https://img.danuri.io/catalog-image/373/761/014/219e8bd8166e48eeb120b5f6edd9b655.jpg?shrink=130:130&_v=20260617080501,기계식,유선,풀배열,50g,1135,유선,레이저각인 키캡,레인보우 백라이트,청축,,독자 규격,14761253,,https://prod.danawa.com/info/?pcode=14761253&cate=112782,True
앱코 K660S V2 카일 광축 V2 게이밍 블랙,앱코,66000,https://img.danuri.io/catalog-image/689/990/075/ac910d420aca49cba8db8e9de1148ff9.jpg?shrink=130:130&_v=20260617092931,무접점 광축,유선,풀배열,40g,1240,유선,한/영 정각,레인보우 백라이트,,,카일,75990689,,https://prod.danawa.com/info/?pcode=75990689&cate=112782,True
COX CFL87+21 옴니키(원솔루션) 3모드 유무선 기계식,COX,55000,https://img.danuri.io/catalog-image/255/969/092/6afb9b6744c94f6787db7641bd1aaba1.jpg?shrink=130:130&_v=20260617080439,기계식,유선+무선,텐키리스,45g,944,"전용동글(리시버), 블루투스",한/영 정각,RGB 백라이트,,,,92969255,,https://prod.danawa.com/info/?pcode=92969255&cate=112782,True
마이크로닉스 워프 WK4 마닉축 RGB 텐키리스 게이밍 기계식 키보드,마이크로닉스,29500,https://img.danuri.io/catalog-image/209/335/016/c379dcfd1eba4fb5be7a1ac37cdf3272.jpg?shrink=130:130&_v=20260617080443,기계식,유선,텐키리스,60g,944,유선,레이저각인 키캡,RGB 백라이트,적축,,독자 규격,16335257,,https://prod.danawa.com/info/?pcode=16335257&cate=112782,True
마이크로닉스 워프 WK4 마닉축 RGB 텐키리스 게이밍 기계식 키보드,마이크로닉스,29900,https://img.danuri.io/catalog-image/209/335/016/c379dcfd1eba4fb5be7a1ac37cdf3272.jpg?shrink=130:130&_v=20260617080443,기계식,유선,텐키리스,60g,944,유선,레이저각인 키캡,RGB 백라이트,갈축,,독자 규격,16335239,,https://prod.danawa.com/info/?pcode=16335239&cate=112782,True
마이크로닉스 워프 WK4 마닉축 RGB 텐키리스 게이밍 기계식 키보드,마이크로닉스,29900,https://img.danuri.io/catalog-image/209/335/016/c379dcfd1eba4fb5be7a1ac37cdf3272.jpg?shrink=130:130&_v=20260617080443,기계식,유선,텐키리스,60g,944,유선,레이저각인 키캡,RGB 백라이트,청축,,독자 규격,16335209,,https://prod.danawa.com/info/?pcode=16335209&cate=112782,True
COX C87 유무선 기계식 화이트 그레이,COX,39900,https://img.danuri.io/catalog-image/672/062/081/614511555cd64d4faa6af417f551d9d0.jpg?shrink=130:130&_v=20260617080448,기계식,유선+무선,텐키리스,40g,862,"전용동글(리시버), 블루투스",한/영 정각,RGB 백라이트,용과축,,오테뮤,81062672,,https://prod.danawa.com/info/?pcode=81062672&cate=112782,True
COX C87 유무선 기계식 화이트 그레이,COX,49900,https://img.danuri.io/catalog-image/672/062/081/614511555cd64d4faa6af417f551d9d0.jpg?shrink=130:130&_v=20260617080448,기계식,유선+무선,텐키리스,40g,862,"전용동글(리시버), 블루투스",한/영 정각,RGB 백라이트,허니축,,오테뮤,81062708,,https://prod.danawa.com/info/?pcode=81062708&cate=112782,True
ASUS TUF Gaming K3 Gen II 하츠네미쿠 에디션 대원씨티에스,ASUS,184290,https://img.danuri.io/catalog-image/227/966/105/40651f334f344285931ed0470677a28b.jpg?shrink=130:130&_v=20260617134113,무접점 광축,유선,97키,35g,1000,유선,정보없음,없음,,,,105966227,,https://prod.danawa.com/info/?pcode=105966227&cate=112782,True
마이크로닉스 MECHA ZK-1 RGB 게이밍 기계식 키보드,마이크로닉스,69000,https://img.danuri.io/catalog-image/781/761/014/83f0e3ec39974d00ada95ea9bff735a3.jpg?shrink=130:130&_v=20260617080552,기계식,유선,풀배열,50g,1056,유선,레이저각인 키캡,레인보우 백라이트,적축,,카일,14761970,,https://prod.danawa.com/info/?pcode=14761970&cate=112782,True
마이크로닉스 MECHA ZK-1 RGB 게이밍 기계식 키보드,마이크로닉스,56000,https://img.danuri.io/catalog-image/781/761/014/83f0e3ec39974d00ada95ea9bff735a3.jpg?shrink=130:130&_v=20260617080552,기계식,유선,풀배열,50g,1056,유선,레이저각인 키캡,레인보우 백라이트,갈축,,카일,14761781,,https://prod.danawa.com/info/?pcode=14761781&cate=112782,True
마이크로닉스 MECHA ZK-1 RGB 게이밍 기계식 키보드,마이크로닉스,129000,https://img.danuri.io/catalog-image/781/761/014/83f0e3ec39974d00ada95ea9bff735a3.jpg?shrink=130:130&_v=20260617080552,기계식,유선,풀배열,50g,1056,유선,레이저각인 키캡,레인보우 백라이트,백축,,카일,14761985,,https://prod.danawa.com/info/?pcode=14761985&cate=112782,True
마이크로닉스 EX580 크리스탈 파스텔 광축,마이크로닉스,62500,https://img.danuri.io/catalog-image/331/464/032/5b2c13829bc54e69bf2a52a2b04d391c.jpg?shrink=130:130&_v=20260617080501,무접점 광축,유선,풀배열,55g,1020,유선,한/영 정각,레인보우 백라이트,,,독자 규격,32464331,,https://prod.danawa.com/info/?pcode=32464331&cate=112782,True
CORSAIR K70 MAX 기계식 타이핑고래,CORSAIR,398990,https://img.danuri.io/catalog-image/114/001/070/dd0f4dd0598b42f2b49fcc2c432ad471.jpg?shrink=130:130&_v=20260617080507,무접점 자석축,유선,풀배열,45g,1390,유선,한/영 정각,RGB 백라이트,,,,70001114,,https://prod.danawa.com/info/?pcode=70001114&cate=112782,True
앱코 AK87H 텐키리스 홀리판다 V2 기계식,앱코,29900,https://img.danuri.io/catalog-image/074/319/062/867e01ca7f684ac2ae13704f6aaa7db9.jpg?shrink=130:130&_v=20260617092727,기계식,유선,텐키리스,45g,1007,유선,한/영 정각,RGB 백라이트,,,카일,62319074,,https://prod.danawa.com/info/?pcode=62319074&cate=112782,True
앱코 A108K 3모드 퀵스압 유무선 기계식 말차그린,앱코,69900,https://img.danuri.io/catalog-image/322/355/102/8a4363e444244b29b67101359fec3b02.jpg?shrink=130:130&_v=20260617080448,기계식,유선+무선,풀배열,45g,1500,"전용동글(리시버), 블루투스",한/영 정각,RGB 백라이트,맘모스축,,,102355322,,https://prod.danawa.com/info/?pcode=102355322&cate=112782,True
앱코 A108K 3모드 퀵스압 유무선 기계식 말차그린,앱코,73530,https://img.danuri.io/catalog-image/322/355/102/8a4363e444244b29b67101359fec3b02.jpg?shrink=130:130&_v=20260617080448,기계식,유선+무선,풀배열,45g,1500,"전용동글(리시버), 블루투스",한/영 정각,RGB 백라이트,벚꽃축,,,102355325,,https://prod.danawa.com/info/?pcode=102355325&cate=112782,True
앱코 KN01C 텐키리스 PBT 무접점 키보드 블루,앱코,143000,https://img.danuri.io/catalog-image/645/230/015/ad4b7563565b4f15b6b8b79962e2f33d.jpg?shrink=130:130&_v=20260617080447,무접점,유선,텐키리스,30g,790,유선,한/영 정각,RGB 백라이트,,,NIZ EC,15230645,,https://prod.danawa.com/info/?pcode=15230645&cate=112782,True
앱코 KN20C 삼색사출 PBT 무접점,앱코,77520,https://img.danuri.io/catalog-image/514/645/019/e63c896f933e435dbbf6e84c750736fb.jpg?shrink=130:130&_v=20260617092953,무접점,유선,풀배열,45g,1060,유선,한/영 정각,RGB 백라이트,,,NIZ EC,19645514,,https://prod.danawa.com/info/?pcode=19645514&cate=112782,True
앱코 AF108PRO ABKO x SOAI 콜라보 3모드 기계식 코랄블루,앱코,85510,https://img.danuri.io/catalog-image/496/953/101/2f944f17be074f9f93edb91fbc4382d5.jpeg?shrink=130:130&_v=20260617092800,기계식,유선+무선,풀배열,40g,1029,"전용동글(리시버), 블루투스",한/영 정각,RGB 백라이트,경해축,Blue Whale 경해축,,101953511,,https://prod.danawa.com/info/?pcode=101953511&cate=112782,True
앱코 AF108PRO ABKO x SOAI 콜라보 3모드 기계식 코랄블루,앱코,74000,https://img.danuri.io/catalog-image/496/953/101/2f944f17be074f9f93edb91fbc4382d5.jpeg?shrink=130:130&_v=20260617092800,기계식,유선+무선,풀배열,40g,1029,"전용동글(리시버), 블루투스",한/영 정각,RGB 백라이트,세이야축,SEIYA 세이야,,101953496,,https://prod.danawa.com/info/?pcode=101953496&cate=112782,True
앱코 AF108PRO ABKO x SOAI 콜라보 3모드 기계식 코랄블루,앱코,79000,https://img.danuri.io/catalog-image/496/953/101/2f944f17be074f9f93edb91fbc4382d5.jpeg?shrink=130:130&_v=20260617092800,기계식,유선+무선,풀배열,40g,1029,"전용동글(리시버), 블루투스",한/영 정각,RGB 백라이트,소복눈축,,,101953517,,https://prod.danawa.com/info/?pcode=101953517&cate=112782,True
앱코 AF108PRO ABKO x SOAI 콜라보 3모드 기계식 코랄블루,앱코,79000,https://img.danuri.io/catalog-image/496/953/101/2f944f17be074f9f93edb91fbc4382d5.jpeg?shrink=130:130&_v=20260617092800,기계식,유선+무선,풀배열,40g,1029,"전용동글(리시버), 블루투스",한/영 정각,RGB 백라이트,저소음 너울축,,,101953505,,https://prod.danawa.com/info/?pcode=101953505&cate=112782,True
COX CKP01 VIA 기계식,COX,32900,https://img.danuri.io/catalog-image/500/993/075/2996ce6e48954e1aa00dd40fb4bccba9.jpg?shrink=130:130&_v=20260617080419,기계식,유선,21키,45g,264,유선,정보없음,RGB 백라이트,,,후아노,75993500,,https://prod.danawa.com/info/?pcode=75993500&cate=112782,True
앱코 AK99 유무선 기계식 그린,앱코,58000,https://img.danuri.io/catalog-image/626/787/068/dcc0173ec41b476ab5953664e5cd6da3.jpg?shrink=130:130&_v=20260617080508,기계식,유선+무선,99키,40g,989,"전용동글(리시버), 블루투스",한/영 정각,RGB 백라이트,저소음 피치축,,,68787626,,https://prod.danawa.com/info/?pcode=68787626&cate=112782,True
앱코 AK99 유무선 기계식 그린,앱코,58000,https://img.danuri.io/catalog-image/626/787/068/dcc0173ec41b476ab5953664e5cd6da3.jpg?shrink=130:130&_v=20260617080508,기계식,유선+무선,99키,40g,989,"전용동글(리시버), 블루투스",한/영 정각,RGB 백라이트,멜론축,,,68692589,,https://prod.danawa.com/info/?pcode=68692589&cate=112782,True
COUGAR VANTAR,COUGAR,120090,https://img.danuri.io/catalog-image/429/047/005/49d121f675da46d285f1e459ef81a15e.jpg?shrink=130:130&_v=20260617080613,펜타그래프,유선,풀배열,0g,600,유선,정보없음,RGB 백라이트,,,,5047429,,https://prod.danawa.com/info/?pcode=5047429&cate=112782,True
COX CM87KD 조약돌,COX,20890,https://img.danuri.io/catalog-image/719/721/101/044d75b8833c45e485fbae301fa86774.jpg?shrink=130:130&_v=20260617201947,멤브레인,유선,텐키리스,45g,640,유선,한/영 정각,RGB 백라이트,,,,101721719,,https://prod.danawa.com/info/?pcode=101721719&cate=112782,True
CHERRY MX BOARD 2.0S MX2A 화이트,CHERRY,84000,https://img.danuri.io/catalog-image/891/154/052/d2c84aba1eca408a827c6499f796c5cc.jpg?shrink=130:130&_v=20260617080552,기계식,유선,풀배열,45g,758,유선,레이저각인 키캡,없음,적축,MX Red,체리,52154891,,https://prod.danawa.com/info/?pcode=52154891&cate=112782,True
CHERRY MX BOARD 2.0S MX2A 화이트,CHERRY,84000,https://img.danuri.io/catalog-image/891/154/052/d2c84aba1eca408a827c6499f796c5cc.jpg?shrink=130:130&_v=20260617080552,기계식,유선,풀배열,45g,758,유선,레이저각인 키캡,없음,저소음 적축,,체리,52154906,,https://prod.danawa.com/info/?pcode=52154906&cate=112782,True
앱코 KP10 키패드,앱코,7500,https://img.danuri.io/catalog-image/461/925/009/22d7e855590347d6a9150550d73026eb.jpg?shrink=130:130&_v=20260617080508,멤브레인,유선,19키,0g,118,유선,정보없음,없음,,,,9925461,,https://prod.danawa.com/info/?pcode=9925461&cate=112782,True
COX XM108,COX,16900,https://img.danuri.io/catalog-image/927/124/103/d58bebe17f37433ab9776f53df390b63.jpg?shrink=130:130&_v=20260617120422,멤브레인,유선,풀배열,45g,711,유선,한/영 정각,RGB 백라이트,,,,103124927,,https://prod.danawa.com/info/?pcode=103124927&cate=112782,True
앱코 HACKER KM700 게이밍 키보드 마우스 장패드 세트,앱코,29000,https://img.danuri.io/catalog-image/158/050/013/ae0f9140c0ea4dfab5a62d19503afe2b.jpg?shrink=130:130&_v=20260617080503,멤브레인,유선,풀배열,0g,480,유선,레이저각인 키캡,[키보드] 레인보우 백라이트,,,,13050158,,https://prod.danawa.com/info/?pcode=13050158&cate=112782,True
앱코 AK87 3모드 OTEMU 특주축 유무선 기계식 그레이,앱코,49000,https://img.danuri.io/catalog-image/528/819/074/39bcb803dd6c435abbbf4fb013b3c7a0.jpg?shrink=130:130&_v=20260617161002,기계식,유선+무선,텐키리스,40g,1024,"전용동글(리시버), 블루투스",한/영 정각,RGB 백라이트,멜론축,,,74819528,,https://prod.danawa.com/info/?pcode=74819528&cate=112782,True
앱코 AK87 3모드 OTEMU 특주축 유무선 기계식 그레이,앱코,59000,https://img.danuri.io/catalog-image/528/819/074/39bcb803dd6c435abbbf4fb013b3c7a0.jpg?shrink=130:130&_v=20260617161002,기계식,유선+무선,텐키리스,40g,1024,"전용동글(리시버), 블루투스",한/영 정각,RGB 백라이트,저소음 피치축,,,74819564,,https://prod.danawa.com/info/?pcode=74819564&cate=112782,True
COX CFL101 3모드 CMMK 특주축 유무선 기계식,COX,49000,https://img.danuri.io/catalog-image/718/965/092/2f2c4f78ef78498bb17170ef9ef2f431.jpg?shrink=130:130&_v=20260616080501,기계식,유선+무선,101키,45g,1250,"전용동글(리시버), 블루투스",한/영 정각,RGB 백라이트,,,,92965718,,https://prod.danawa.com/info/?pcode=92965718&cate=112782,True
COX CMK108,COX,19900,https://img.danuri.io/catalog-image/697/463/075/6f4a9e96242f46aa8c6a09f283a8fe45.jpg?shrink=130:130&_v=20260617100020,멤브레인,유선,풀배열,50g,774,유선,한/영 정각,RGB 백라이트,,,,75463697,,https://prod.danawa.com/info/?pcode=75463697&cate=112782,True
앱코 K660S V2 카일 광축 V2 게이밍 화이트,앱코,66000,https://img.danuri.io/catalog-image/604/991/075/4a2b76ad05944ddb89a400d6e10ebaf4.jpg?shrink=130:130&_v=20260617080451,무접점 광축,유선,풀배열,40g,1240,유선,한/영 정각,레인보우 백라이트,,,카일,75991604,,https://prod.danawa.com/info/?pcode=75991604&cate=112782,True
발키리 VK-99 유무선 기계식 한글,발키리,68990,https://img.danuri.io/catalog-image/558/154/070/203dd2d49c5d437e85050813424df68f.jpg?shrink=130:130&_v=20260617093037,기계식,유선+무선,102키,45g,1060,"전용동글(리시버), 블루투스",한/영 정각,RGB 백라이트,,,,70154558,,https://prod.danawa.com/info/?pcode=70154558&cate=112782,True
COX CF87 유무선 기계식 말차크림티,COX,96000,https://img.danuri.io/catalog-image/979/976/096/466469c431b348d495dfca1215070a0b.jpg?shrink=130:130&_v=20260617092700,기계식,유선+무선,텐키리스,45g,1850,"전용동글(리시버), 블루투스",한/영 정각,RGB 백라이트,덕킹축,,,96976979,,https://prod.danawa.com/info/?pcode=96976979&cate=112782,True
COX CF87 유무선 기계식 말차크림티,COX,96000,https://img.danuri.io/catalog-image/979/976/096/466469c431b348d495dfca1215070a0b.jpg?shrink=130:130&_v=20260617092700,기계식,유선+무선,텐키리스,45g,1850,"전용동글(리시버), 블루투스",한/영 정각,RGB 백라이트,오렌지축,,,96976973,,https://prod.danawa.com/info/?pcode=96976973&cate=112782,True
앱코 HACKER KM350 키보드 마우스 콤보 레인보우 LED 게이밍,앱코,24000,https://img.danuri.io/catalog-image/574/843/006/631d22954ea146bca988540e64977bd2.jpg?shrink=130:130&_v=20260617092733,멤브레인,유선,풀배열,0g,730,유선,한/영 정각,레인보우 백라이트,,,,6843574,,https://prod.danawa.com/info/?pcode=6843574&cate=112782,True
darkFlash DF98 유무선 기계식,darkFlash,51890,https://img.danuri.io/catalog-image/522/326/054/b9374f3d7c4e434ea4a9911a525ae4bc.jpg?shrink=130:130&_v=20260617080613,기계식,유선+무선,98키,45g,1113,"전용동글(리시버), 블루투스",한/영 정각,없음,,,,54326522,,https://prod.danawa.com/info/?pcode=54326522&cate=112782,True
앱코 K580 교체축 게이밍 기계식 스카이,앱코,29300,https://img.danuri.io/catalog-image/427/533/068/fca1c713f2b142cabaf5796266546f30.jpg?shrink=130:130&_v=20260617080448,기계식,유선,풀배열,45g,500,유선,한/영 정각,레인보우 백라이트,적축,,,68533427,,https://prod.danawa.com/info/?pcode=68533427&cate=112782,True
앱코 K580 교체축 게이밍 기계식 스카이,앱코,31900,https://img.danuri.io/catalog-image/427/533/068/fca1c713f2b142cabaf5796266546f30.jpg?shrink=130:130&_v=20260617080448,기계식,유선,풀배열,45g,500,유선,한/영 정각,레인보우 백라이트,갈축,,,68533418,,https://prod.danawa.com/info/?pcode=68533418&cate=112782,True
앱코 K580 교체축 게이밍 기계식 스카이,앱코,29300,https://img.danuri.io/catalog-image/427/533/068/fca1c713f2b142cabaf5796266546f30.jpg?shrink=130:130&_v=20260617080448,기계식,유선,풀배열,45g,500,유선,한/영 정각,레인보우 백라이트,청축,,,68533424,,https://prod.danawa.com/info/?pcode=68533424&cate=112782,True
COX CK01SL TKL PBT 45GF 기계식,COX,29900,https://img.danuri.io/catalog-image/878/439/020/a5a7d2c52be84f779e4094e0ee532465.jpg?shrink=130:130&_v=20260617080419,기계식,유선,텐키리스,45g,690,유선,한/영 정각,없음,,,GTMX,20439878,,https://prod.danawa.com/info/?pcode=20439878&cate=112782,True
COX CY104K V2 카일 광축 V2 게이밍 블랙,COX,65000,https://img.danuri.io/catalog-image/921/887/090/ef0f370fc65f4424ac3aad22b748e7aa.jpeg?shrink=130:130&_v=20260617080438,무접점 광축,유선,풀배열,40g,1200,유선,한/영 정각,레인보우 백라이트,갈축,,카일,90887921,,https://prod.danawa.com/info/?pcode=90887921&cate=112782,True
COX CY104K V2 카일 광축 V2 게이밍 블랙,COX,65000,https://img.danuri.io/catalog-image/921/887/090/ef0f370fc65f4424ac3aad22b748e7aa.jpeg?shrink=130:130&_v=20260617080438,무접점 광축,유선,풀배열,40g,1200,유선,한/영 정각,레인보우 백라이트,적축,,카일,90887897,,https://prod.danawa.com/info/?pcode=90887897&cate=112782,True
COX CY104K V2 카일 광축 V2 게이밍 블랙,COX,65000,https://img.danuri.io/catalog-image/921/887/090/ef0f370fc65f4424ac3aad22b748e7aa.jpeg?shrink=130:130&_v=20260617080438,무접점 광축,유선,풀배열,40g,1200,유선,한/영 정각,레인보우 백라이트,청축,,카일,90887909,,https://prod.danawa.com/info/?pcode=90887909&cate=112782,True
앱코 K1924 RETRO GTMX NON-LED 게이밍 기계식,앱코,44000,https://img.danuri.io/catalog-image/715/450/028/4664aa290fc54ce8a097c114dfc384eb.jpg?shrink=130:130&_v=20260617080613,기계식,유선,풀배열,45g,1260,유선,한/영 정각,없음,적축,,GTMX,28450715,,https://prod.danawa.com/info/?pcode=28450715&cate=112782,True
앱코 K1924 RETRO GTMX NON-LED 게이밍 기계식,앱코,61500,https://img.danuri.io/catalog-image/715/450/028/4664aa290fc54ce8a097c114dfc384eb.jpg?shrink=130:130&_v=20260617080613,기계식,유선,풀배열,45g,1260,유선,한/영 정각,없음,갈축,,GTMX,28450742,,https://prod.danawa.com/info/?pcode=28450742&cate=112782,True
앱코 K1924 RETRO GTMX NON-LED 게이밍 기계식,앱코,62000,https://img.danuri.io/catalog-image/715/450/028/4664aa290fc54ce8a097c114dfc384eb.jpg?shrink=130:130&_v=20260617080613,기계식,유선,풀배열,45g,1260,유선,한/영 정각,없음,청축,,GTMX,28450646,,https://prod.danawa.com/info/?pcode=28450646&cate=112782,True
COX CF87 유무선 기계식 네온 메카 바이올렛,COX,96000,https://img.danuri.io/catalog-image/946/976/096/393cd8018ca84ec1b1015f3eaf489c99.jpg?shrink=130:130&_v=20260617093028,기계식,유선+무선,텐키리스,45g,1850,"전용동글(리시버), 블루투스",한/영 정각,RGB 백라이트,덕킹축,,,96976946,,https://prod.danawa.com/info/?pcode=96976946&cate=112782,True
COX CF87 유무선 기계식 네온 메카 바이올렛,COX,96000,https://img.danuri.io/catalog-image/946/976/096/393cd8018ca84ec1b1015f3eaf489c99.jpg?shrink=130:130&_v=20260617093028,기계식,유선+무선,텐키리스,45g,1850,"전용동글(리시버), 블루투스",한/영 정각,RGB 백라이트,오렌지축,,,96976964,,https://prod.danawa.com/info/?pcode=96976964&cate=112782,True
COX 엠프리스 오리지널 레트로 PBT 무접점,COX,105000,https://img.danuri.io/catalog-image/813/191/018/e3954f48ab5b422da5d4dab11fa8e7a2.jpg?shrink=130:130&_v=20260617080448,무접점,유선,풀배열,50g,1300,유선,한/영 정각,없음,,,NIZ EC,18191813,,https://prod.danawa.com/info/?pcode=18191813&cate=112782,True
앱코 KN03BT TKL 블루투스 무접점,앱코,105000,https://img.danuri.io/catalog-image/548/848/058/4b73d080340b45a3805d526a3a097e15.jpg?shrink=130:130&_v=20260617080443,무접점,유선+무선,텐키리스,45g,900,블루투스,한/영 정각,없음,,,,58848548,,https://prod.danawa.com/info/?pcode=58848548&cate=112782,True
COX CK480 교체축 게이밍 기계식 화이트,COX,21000,https://img.danuri.io/catalog-image/488/113/091/4037917175db4a838fed3381593473a9.jpg?shrink=130:130&_v=20260617080443,기계식,유선,텐키리스,50g,500,유선,한/영 정각,RGB 백라이트,청축,,,91113488,,https://prod.danawa.com/info/?pcode=91113488&cate=112782,True
COX CK480 교체축 게이밍 기계식 화이트,COX,18240,https://img.danuri.io/catalog-image/488/113/091/4037917175db4a838fed3381593473a9.jpg?shrink=130:130&_v=20260617080443,기계식,유선,텐키리스,50g,500,유선,한/영 정각,RGB 백라이트,갈축,,,91113512,,https://prod.danawa.com/info/?pcode=91113512&cate=112782,True
COX CK480 교체축 게이밍 기계식 화이트,COX,21000,https://img.danuri.io/catalog-image/488/113/091/4037917175db4a838fed3381593473a9.jpg?shrink=130:130&_v=20260617080443,기계식,유선,텐키리스,50g,500,유선,한/영 정각,RGB 백라이트,적축,,,91113503,,https://prod.danawa.com/info/?pcode=91113503&cate=112782,True
앱코 AS87 오피스네비게이터 유무선 기계식,앱코,89000,https://img.danuri.io/catalog-image/615/887/090/ec3052e3f0a945d2b69b589b908a2214.jpg?shrink=130:130&_v=20260617110553,기계식,유선+무선,텐키리스,45g,950,"전용동글(리시버), 블루투스",한/영 정각,RGB 백라이트,딥 사운드축,,,90887588,,https://prod.danawa.com/info/?pcode=90887588&cate=112782,True
앱코 AS87 오피스네비게이터 유무선 기계식,앱코,89000,https://img.danuri.io/catalog-image/615/887/090/ec3052e3f0a945d2b69b589b908a2214.jpg?shrink=130:130&_v=20260617110553,기계식,유선+무선,텐키리스,45g,950,"전용동글(리시버), 블루투스",한/영 정각,RGB 백라이트,조약돌 슈팅스타축,,,90887615,,https://prod.danawa.com/info/?pcode=90887615&cate=112782,True
darkFlash GD87 유무선 기계식,darkFlash,40250,https://img.danuri.io/catalog-image/263/650/028/87edf30317674ccdadac52f89f5933c7.jpg?shrink=130:130&_v=20260617080507,기계식,유선+무선,텐키리스,45g,1022,전용동글(리시버),한/영 정각,없음,,,,28650263,,https://prod.danawa.com/info/?pcode=28650263&cate=112782,True
앱코 AS104 오피스네비게이터 유무선 기계식 블루레몬,앱코,99000,https://img.danuri.io/catalog-image/615/903/071/01c2c2020c844e66a8bf376813fa5ae0.jpg?shrink=130:130&_v=20260617170718,기계식,유선+무선,풀배열,45g,1163,"전용동글(리시버), 블루투스",한/영 정각,RGB 백라이트,딥 사운드축,,,71903570,,https://prod.danawa.com/info/?pcode=71903570&cate=112782,True
앱코 AS104 오피스네비게이터 유무선 기계식 블루레몬,앱코,98890,https://img.danuri.io/catalog-image/615/903/071/01c2c2020c844e66a8bf376813fa5ae0.jpg?shrink=130:130&_v=20260617170718,기계식,유선+무선,풀배열,45g,1163,"전용동글(리시버), 블루투스",한/영 정각,RGB 백라이트,조약돌 슈팅스타축,,,71903615,,https://prod.danawa.com/info/?pcode=71903615&cate=112782,True
COX CKT87 RGB 반투광사출 기계식 텐키리스,COX,135000,https://img.danuri.io/catalog-image/165/455/018/080d7ef75fad4358bd96dd7e0d17bc26.jpg?shrink=130:130&_v=20260617080439,기계식,유선,텐키리스,45g,860,유선,한/영 정각,RGB 백라이트,갈축,,게이트론,18455165,,https://prod.danawa.com/info/?pcode=18455165&cate=112782,True
앱코 AS104 오피스네비게이터 유무선 기계식 핑크그레이,앱코,99000,https://img.danuri.io/catalog-image/014/560/091/6ce4adf4ae9e4ca69306961b4028a295.jpg?shrink=130:130&_v=20260617201222,기계식,유선+무선,풀배열,45g,1163,"전용동글(리시버), 블루투스",한/영 정각,RGB 백라이트,조약돌 슈팅스타축,,,91560014,,https://prod.danawa.com/info/?pcode=91560014&cate=112782,True
앱코 AS104 오피스네비게이터 유무선 기계식 핑크그레이,앱코,99000,https://img.danuri.io/catalog-image/014/560/091/6ce4adf4ae9e4ca69306961b4028a295.jpg?shrink=130:130&_v=20260617201222,기계식,유선+무선,풀배열,45g,1163,"전용동글(리시버), 블루투스",한/영 정각,RGB 백라이트,딥 사운드축,,,91560035,,https://prod.danawa.com/info/?pcode=91560035&cate=112782,True
앱코 AG75 가스켓 마운트 기계식 퍼플 블루,앱코,33900,https://img.danuri.io/catalog-image/227/717/018/9c722a23404a4322938d4823ca411caf.jpg?shrink=130:130&_v=20260617080552,기계식,유선,미니,45g,1020,유선,한/영 정각,RGB 백라이트,갈축,,카일,18717227,,https://prod.danawa.com/info/?pcode=18717227&cate=112782,True
앱코 AS104 오피스네비게이터 유무선 기계식 네온블랙,앱코,99000,https://img.danuri.io/catalog-image/338/366/096/5bb28bfb06ca44c6a647c326586bcb36.jpg?shrink=130:130&_v=20260617161027,기계식,유선+무선,풀배열,45g,1163,"전용동글(리시버), 블루투스",한/영 정각,RGB 백라이트,딥 사운드축,,,96366320,,https://prod.danawa.com/info/?pcode=96366320&cate=112782,True
앱코 AS104 오피스네비게이터 유무선 기계식 네온블랙,앱코,99000,https://img.danuri.io/catalog-image/338/366/096/5bb28bfb06ca44c6a647c326586bcb36.jpg?shrink=130:130&_v=20260617161027,기계식,유선+무선,풀배열,45g,1163,"전용동글(리시버), 블루투스",한/영 정각,RGB 백라이트,조약돌 슈팅스타축,,,96366338,,https://prod.danawa.com/info/?pcode=96366338&cate=112782,True
COX CQ8K108 유무선 기계식 에버그린,COX,79000,https://img.danuri.io/catalog-image/544/410/098/5c07d0f2804b44799b0cc003e3c20568.jpg?shrink=130:130&_v=20260617080419,기계식,유선,풀배열,50g,1140,"전용동글(리시버), 블루투스",한/영 정각,RGB 백라이트,,,,98410544,,https://prod.danawa.com/info/?pcode=98410544&cate=112782,True
Ducky ONE 2 TKL SEAMLESS TUXEDO PBT 이중사출 한글,Ducky,99000,https://img.danuri.io/catalog-image/568/586/012/5e5824f08f864b18a814927110946601.jpg?shrink=130:130&_v=20260617080448,기계식,유선,텐키리스,45g,800,유선,한/영 정각,없음,저소음 적축,,체리,12586568,,https://prod.danawa.com/info/?pcode=12586568&cate=112782,True
darkFlash DKM200 키보드 마우스 세트,darkFlash,22800,https://img.danuri.io/catalog-image/241/319/093/ee9fe87344b34cde84c6b626b5cd15ff.jpg?shrink=130:130&_v=20260617080448,멤브레인,유선,풀배열,0g,595,유선,정보없음,레인보우 백라이트,,,,93319241,,https://prod.danawa.com/info/?pcode=93319241&cate=112782,True
앱코 AK94BT 유무선 기계식 피치,앱코,80000,https://img.danuri.io/catalog-image/063/529/070/86f827c0b9f04061b85bea651760bfac.jpg?shrink=130:130&_v=20260617080438,기계식,유선+무선,94키,40g,965,"전용동글(리시버), 블루투스",한/영 정각,RGB 백라이트,라임축,,오테뮤,70529081,,https://prod.danawa.com/info/?pcode=70529081&cate=112782,True
앱코 AK94BT 유무선 기계식 피치,앱코,80000,https://img.danuri.io/catalog-image/063/529/070/86f827c0b9f04061b85bea651760bfac.jpg?shrink=130:130&_v=20260617080438,기계식,유선+무선,94키,40g,965,"전용동글(리시버), 블루투스",한/영 정각,RGB 백라이트,저소음 피치축,,오테뮤,70529063,,https://prod.danawa.com/info/?pcode=70529063&cate=112782,True
앱코 AK84BT 블루투스 무선 슬림 기계식 화이트 그레이,앱코,49000,https://img.danuri.io/catalog-image/133/075/073/e14cbe6539824f579baa871087d25314.jpg?shrink=130:130&_v=20260617080438,기계식,유선+무선,미니,45g,485,블루투스,한/영 정각,RGB 백라이트,적축,,,73075133,,https://prod.danawa.com/info/?pcode=73075133&cate=112782,True
앱코 AK84BT 블루투스 무선 슬림 기계식 화이트 그레이,앱코,49000,https://img.danuri.io/catalog-image/133/075/073/e14cbe6539824f579baa871087d25314.jpg?shrink=130:130&_v=20260617080438,기계식,유선+무선,미니,45g,485,블루투스,한/영 정각,RGB 백라이트,갈축,,,73124996,,https://prod.danawa.com/info/?pcode=73124996&cate=112782,True
앱코 KN10C PBT 무접점 키보드,앱코,79000,https://img.danuri.io/catalog-image/802/229/015/0ccff54ab988434cb16a9c9d19bb4d85.jpg?shrink=130:130&_v=20260617092637,무접점,유선,풀배열,45g,983,유선,한/영 정각,RGB 백라이트,,,NIZ EC,15229802,,https://prod.danawa.com/info/?pcode=15229802&cate=112782,True
COX CK01 SAHARA HUANO 퀵스압 게이밍 기계식,COX,29900,https://img.danuri.io/catalog-image/948/862/028/06270376cab94c738e576ccb0eb9c63f.jpg?shrink=130:130&_v=20260617080448,기계식,유선,풀배열,60g,850,유선,정보없음,사이드 RGB LED,적축,,후아노,28862948,,https://prod.danawa.com/info/?pcode=28862948&cate=112782,True
COX CK01 SAHARA HUANO 퀵스압 게이밍 기계식,COX,55900,https://img.danuri.io/catalog-image/948/862/028/06270376cab94c738e576ccb0eb9c63f.jpg?shrink=130:130&_v=20260617080448,기계식,유선,풀배열,60g,850,유선,정보없음,사이드 RGB LED,갈축,,후아노,28862972,,https://prod.danawa.com/info/?pcode=28862972&cate=112782,True
앱코 TOS100 무선 키보드,앱코,32800,https://img.danuri.io/catalog-image/915/321/014/cf988d78e0c440cd877ff33c13f59356.jpg?shrink=130:130&_v=20260617080443,펜타그래프,무선,99키,0g,330,"전용동글(리시버), 블루투스",한/영 정각,없음,,,,14321915,,https://prod.danawa.com/info/?pcode=14321915&cate=112782,True
앱코 AG75W 가스켓 마운트 유무선 블루투스 기계식 퍼플 블루,앱코,43900,https://img.danuri.io/catalog-image/109/103/039/65736683d8644a11a3c1c2b53ca8a533.jpg?shrink=130:130&_v=20260617080507,기계식,유선+무선,미니,40g,1020,"전용동글(리시버), 블루투스",한/영 정각,RGB 백라이트,적축,,Kailh Box V2,39103109,,https://prod.danawa.com/info/?pcode=39103109&cate=112782,True
앱코 AG75W 가스켓 마운트 유무선 블루투스 기계식 퍼플 블루,앱코,43900,https://img.danuri.io/catalog-image/109/103/039/65736683d8644a11a3c1c2b53ca8a533.jpg?shrink=130:130&_v=20260617080507,기계식,유선+무선,미니,40g,1020,"전용동글(리시버), 블루투스",한/영 정각,RGB 백라이트,갈축,,Kailh Box V2,39103112,,https://prod.danawa.com/info/?pcode=39103112&cate=112782,True
COX 엔데버 오리지널 레트로 PBT 무접점 텐키리스,COX,133000,https://img.danuri.io/catalog-image/786/191/018/1c9eb567566948db94ad922d0078cbe9.jpg?shrink=130:130&_v=20260617080438,무접점,유선,텐키리스,50g,1100,유선,한/영 정각,없음,,,NIZ EC,18191786,,https://prod.danawa.com/info/?pcode=18191786&cate=112782,True
FL-ESPORTS Geo65 유무선 기계식 딥 그레이,FL-ESPORTS,109000,https://img.danuri.io/catalog-image/144/015/077/b9f506ecc179415684b2d365f54e07ef.jpg?shrink=130:130&_v=20260617080501,기계식,유선+무선,미니,40g,1530,"전용동글(리시버), 블루투스",한/영 정각,RGB 백라이트,저소음 스노우축,,,77015144,,https://prod.danawa.com/info/?pcode=77015144&cate=112782,True
FL-ESPORTS Geo65 유무선 기계식 딥 그레이,FL-ESPORTS,109000,https://img.danuri.io/catalog-image/144/015/077/b9f506ecc179415684b2d365f54e07ef.jpg?shrink=130:130&_v=20260617080501,기계식,유선+무선,미니,40g,1530,"전용동글(리시버), 블루투스",한/영 정각,RGB 백라이트,BCP,BCP,,77015150,,https://prod.danawa.com/info/?pcode=77015150&cate=112782,True
FL-ESPORTS Geo65 유무선 기계식 딥 그레이,FL-ESPORTS,98000,https://img.danuri.io/catalog-image/144/015/077/b9f506ecc179415684b2d365f54e07ef.jpg?shrink=130:130&_v=20260617080501,기계식,유선+무선,미니,40g,1530,"전용동글(리시버), 블루투스",한/영 정각,RGB 백라이트,리치베리축,,,77015147,,https://prod.danawa.com/info/?pcode=77015147&cate=112782,True
앱코 AG75 가스켓 마운트 기계식 로즈 핑크,앱코,33900,https://img.danuri.io/catalog-image/182/717/018/6718118263314e698dd8ab5d303b31ed.jpg?shrink=130:130&_v=20260617080613,기계식,유선,미니,40g,1020,유선,한/영 정각,RGB 백라이트,적축,,카일,18717182,,https://prod.danawa.com/info/?pcode=18717182&cate=112782,True
앱코 AG75 가스켓 마운트 기계식 로즈 핑크,앱코,33900,https://img.danuri.io/catalog-image/182/717/018/6718118263314e698dd8ab5d303b31ed.jpg?shrink=130:130&_v=20260617080613,기계식,유선,미니,40g,1020,유선,한/영 정각,RGB 백라이트,갈축,,카일,18716624,,https://prod.danawa.com/info/?pcode=18716624&cate=112782,True
앱코 WKM01 무선 키보드 마우스 세트,앱코,53040,https://img.danuri.io/catalog-image/001/123/011/73e9b38e59b542e2ab817406673e4438.jpg?shrink=130:130&_v=20260617080552,멤브레인,무선,풀배열,0g,492,[키보드] 전용동글(리시버),정보없음,없음,,,,11123001,,https://prod.danawa.com/info/?pcode=11123001&cate=112782,True
FL-ESPORTS Geo65 유무선 기계식 러브 핑크,FL-ESPORTS,109000,https://img.danuri.io/catalog-image/123/015/077/5f1f1232301d400b90be87a3ef2a6658.jpg?shrink=130:130&_v=20260616080458,기계식,유선+무선,미니,40g,1530,"전용동글(리시버), 블루투스",한/영 정각,RGB 백라이트,저소음 스노우축,,,77015123,,https://prod.danawa.com/info/?pcode=77015123&cate=112782,True
FL-ESPORTS Geo65 유무선 기계식 러브 핑크,FL-ESPORTS,109000,https://img.danuri.io/catalog-image/123/015/077/5f1f1232301d400b90be87a3ef2a6658.jpg?shrink=130:130&_v=20260616080458,기계식,유선+무선,미니,40g,1530,"전용동글(리시버), 블루투스",한/영 정각,RGB 백라이트,BCP,BCP,,77015132,,https://prod.danawa.com/info/?pcode=77015132&cate=112782,True
FL-ESPORTS Geo65 유무선 기계식 러브 핑크,FL-ESPORTS,98000,https://img.danuri.io/catalog-image/123/015/077/5f1f1232301d400b90be87a3ef2a6658.jpg?shrink=130:130&_v=20260616080458,기계식,유선+무선,미니,40g,1530,"전용동글(리시버), 블루투스",한/영 정각,RGB 백라이트,리치베리축,,,77015129,,https://prod.danawa.com/info/?pcode=77015129&cate=112782,True
앱코 KM500 키보드 마우스 세트,앱코,55760,https://img.danuri.io/catalog-image/684/650/018/304239a931b84b11b5d91971e767c728.jpg?shrink=130:130&_v=20260617092719,멤브레인,유선,풀배열,0g,730,유선,한/영 정각,레인보우 백라이트,,,,18650684,,https://prod.danawa.com/info/?pcode=18650684&cate=112782,True
발키리 VK-87 MIST 유무선 기계식,발키리,64990,https://img.danuri.io/catalog-image/663/969/092/85cecf2bffb44a1c9e23ddfd819fef70.jpg?shrink=130:130&_v=20260617145602,기계식,유선+무선,텐키리스,40g,839,"전용동글(리시버), 블루투스",한/영 정각,RGB 백라이트,,,,92969663,,https://prod.danawa.com/info/?pcode=92969663&cate=112782,True
마이크로닉스 CPK-1 큰글씨 한글키보드,마이크로닉스,60000,https://img.danuri.io/catalog-image/392/748/011/c3497e04a8ac40d5be0b79006e9f21d2.jpg?shrink=130:130&_v=20260617080613,멤브레인,유선,풀배열,0g,725,유선,한/영 정각,없음,,,,11748392,,https://prod.danawa.com/info/?pcode=11748392&cate=112782,True
CORSAIR DROP CSTM80 기계식,CORSAIR,186000,https://img.danuri.io/catalog-image/027/216/071/937f24f63ebf4d30971b368bfb6ec2ba.jpg?shrink=130:130&_v=20260617080503,기계식,유선,텐키리스,55g,1260,유선,정보없음,RGB 백라이트,갈축,,게이트론,71216027,,https://prod.danawa.com/info/?pcode=71216027&cate=112782,True
CORSAIR DROP CSTM80 기계식,CORSAIR,186000,https://img.danuri.io/catalog-image/027/216/071/937f24f63ebf4d30971b368bfb6ec2ba.jpg?shrink=130:130&_v=20260617080503,기계식,유선,텐키리스,55g,1260,유선,정보없음,RGB 백라이트,황축,,게이트론,71216051,,https://prod.danawa.com/info/?pcode=71216051&cate=112782,True
FL-ESPORTS OG87 유무선 핫스왑 풀윤활 기계식 그레이 한글,FL-ESPORTS,149000,https://img.danuri.io/catalog-image/386/708/036/14fa717b31b044f5b3e04cdaaac8c3dd.jpg?shrink=130:130&_v=20260617080447,기계식,유선+무선,텐키리스,45g,1106,"전용동글(리시버), 블루투스",한/영 정각,RGB 백라이트,저소음 크림축,Silent Cream 저소음 크림,카일,36708386,,https://prod.danawa.com/info/?pcode=36708386&cate=112782,True
앱코 AK108 3모드 OTEMU 특주축 유무선 기계식 그레이,앱코,69000,https://img.danuri.io/catalog-image/446/015/093/2e1f2b855a21429e996de4e5d1f63f71.jpg?shrink=130:130&_v=20260617080448,기계식,유선+무선,풀배열,40g,1117,"전용동글(리시버), 블루투스",한/영 정각,RGB 백라이트,멜론축,,,93015446,,https://prod.danawa.com/info/?pcode=93015446&cate=112782,True
앱코 AK108 3모드 OTEMU 특주축 유무선 기계식 그레이,앱코,81900,https://img.danuri.io/catalog-image/446/015/093/2e1f2b855a21429e996de4e5d1f63f71.jpg?shrink=130:130&_v=20260617080448,기계식,유선+무선,풀배열,40g,1117,"전용동글(리시버), 블루투스",한/영 정각,RGB 백라이트,거북이 등껍질축,,,93015494,,https://prod.danawa.com/info/?pcode=93015494&cate=112782,True
앱코 AK108 3모드 OTEMU 특주축 유무선 기계식 그레이,앱코,108890,https://img.danuri.io/catalog-image/446/015/093/2e1f2b855a21429e996de4e5d1f63f71.jpg?shrink=130:130&_v=20260617080448,기계식,유선+무선,풀배열,40g,1117,"전용동글(리시버), 블루투스",한/영 정각,RGB 백라이트,피치축,,,93015488,,https://prod.danawa.com/info/?pcode=93015488&cate=112782,True
CORSAIR K65 PRO MINI OPX 게이밍,CORSAIR,168990,https://img.danuri.io/catalog-image/336/566/021/f767628b3aa94325b934bc0b6bc4da1d.jpg?shrink=130:130&_v=20260617080448,무접점 광축,유선,미니,45g,600,유선,한/영 정각,RGB 백라이트,,,CORSAIR OPX,21566336,,https://prod.danawa.com/info/?pcode=21566336&cate=112782,True
Ducky DUCKY ONE 2 SF RGB PBT 이중사출 한글,Ducky,99000,https://img.danuri.io/catalog-image/237/560/012/b35bf7d3d57241039416acb0b5eeaa95.jpg?shrink=130:130&_v=20260617080612,기계식,유선,미니,45g,635,유선,한/영 정각,RGB 백라이트,갈축,,체리,12560237,,https://prod.danawa.com/info/?pcode=12560237&cate=112782,True
Ducky DUCKY ONE 2 SF RGB PBT 이중사출 한글,Ducky,99000,https://img.danuri.io/catalog-image/237/560/012/b35bf7d3d57241039416acb0b5eeaa95.jpg?shrink=130:130&_v=20260617080612,기계식,유선,미니,45g,635,유선,한/영 정각,RGB 백라이트,적축,MX Red,체리,12563891,,https://prod.danawa.com/info/?pcode=12563891&cate=112782,True
1stPlayer NEO87 유무선 기계식,1stPlayer,67400,https://img.danuri.io/catalog-image/306/357/092/b9dfe14bcb024eeeb9006793dc876f53.jpg?shrink=130:130&_v=20260617213115,기계식,유선+무선,텐키리스,45g,965,"전용동글(리시버), 블루투스",한/영 정각,RGB 백라이트,,,,92357306,,https://prod.danawa.com/info/?pcode=92357306&cate=112782,True
앱코 WKM03 무선 키보드마우스 세트,앱코,19840,https://img.danuri.io/catalog-image/325/912/013/eb790b352741426492364861418f0217.jpg?shrink=130:130&_v=20260617080552,멤브레인,무선,풀배열,0g,420,[키보드] 전용동글(리시버),레이저각인 키캡,없음,,,,13912325,,https://prod.danawa.com/info/?pcode=13912325&cate=112782,True
COX CY104K V2 카일 광축 V2 게이밍 화이트&블루,COX,65000,https://img.danuri.io/catalog-image/966/887/090/b3feb5ddb51c4721aef5b9f0d62dd76d.jpeg?shrink=130:130&_v=20260617080439,무접점 광축,유선,풀배열,40g,1200,유선,한/영 정각,레인보우 백라이트,적축,,카일,90887978,,https://prod.danawa.com/info/?pcode=90887978&cate=112782,True
COX CY104K V2 카일 광축 V2 게이밍 화이트&블루,COX,65000,https://img.danuri.io/catalog-image/966/887/090/b3feb5ddb51c4721aef5b9f0d62dd76d.jpeg?shrink=130:130&_v=20260617080439,무접점 광축,유선,풀배열,40g,1200,유선,한/영 정각,레인보우 백라이트,갈축,,카일,90887966,,https://prod.danawa.com/info/?pcode=90887966&cate=112782,True
COX CY104K V2 카일 광축 V2 게이밍 화이트&블루,COX,65000,https://img.danuri.io/catalog-image/966/887/090/b3feb5ddb51c4721aef5b9f0d62dd76d.jpeg?shrink=130:130&_v=20260617080439,무접점 광축,유선,풀배열,40g,1200,유선,한/영 정각,레인보우 백라이트,청축,,카일,90887969,,https://prod.danawa.com/info/?pcode=90887969&cate=112782,True
COX CF75 유무선 기계식 블루레몬젤리,COX,86000,https://img.danuri.io/catalog-image/060/609/089/f33340041c364532ad2f048090436231.jpg?shrink=130:130&_v=20260617080507,기계식,유선+무선,미니,42g,1600,"전용동글(리시버), 블루투스",영문 정각,RGB 백라이트,,,,89609060,,https://prod.danawa.com/info/?pcode=89609060&cate=112782,True
마이크로닉스 WIZMAX W101P V2 4세대 광축 완전방수 PBT,마이크로닉스,67000,https://img.danuri.io/catalog-image/167/999/045/7a3760e6d74a4a1fadffff4c3d9c4736.jpg?shrink=130:130&_v=20260617080447,무접점 광축,유선,풀배열,55g,1059,유선,한/영 정각,단색 백라이트,,,Jixian 4.0 광학 스위치,45999167,,https://prod.danawa.com/info/?pcode=45999167&cate=112782,True
앱코 AKT95 아크 PBT키캡 카일광축 완전방수 컴팩트 게이밍 기계식,앱코,75000,https://img.danuri.io/catalog-image/877/857/029/50b2a2ee1e4c4cada6070bb519153107.jpg?shrink=130:130&_v=20260617092833,무접점 광축,유선,95키,50g,1136,유선,한/영 정각,레인보우 백라이트,다크적축,,카일,29857877,,https://prod.danawa.com/info/?pcode=29857877&cate=112782,True
앱코 AKT95 아크 PBT키캡 카일광축 완전방수 컴팩트 게이밍 기계식,앱코,126440,https://img.danuri.io/catalog-image/877/857/029/50b2a2ee1e4c4cada6070bb519153107.jpg?shrink=130:130&_v=20260617092833,무접점 광축,유선,95키,50g,1136,유선,한/영 정각,레인보우 백라이트,청축,,카일,29806367,,https://prod.danawa.com/info/?pcode=29806367&cate=112782,True
COX CF75 유무선 기계식 핑크소다젤리,COX,86000,https://img.danuri.io/catalog-image/069/609/089/1e937f94b6c84128a1cebcf88cb662e5.jpg?shrink=130:130&_v=20260617080613,기계식,유선+무선,미니,42g,1600,"전용동글(리시버), 블루투스",영문 정각,RGB 백라이트,,,,89609069,,https://prod.danawa.com/info/?pcode=89609069&cate=112782,True
COX CK87 네이비 게이트론 LED 게이밍 기계식,COX,131400,https://img.danuri.io/catalog-image/631/938/007/2824c67ffcd04d62bb84bb61c978327a.jpg?shrink=130:130&_v=20260617080451,기계식,유선,텐키리스,55g,935,유선,한/영 정각,단색 백라이트,갈축,,게이트론,7938631,,https://prod.danawa.com/info/?pcode=7938631&cate=112782,True
FL-ESPORTS Geo75 유무선 기계식 버블 블루,FL-ESPORTS,119000,https://img.danuri.io/catalog-image/180/015/077/b749d898a9844bbf83f4a3e62f2d2847.jpg?shrink=130:130&_v=20260617080613,기계식,유선+무선,미니,50g,2000,"전용동글(리시버), 블루투스",한/영 정각,RGB 백라이트,저소음 스노우축,,,77015171,,https://prod.danawa.com/info/?pcode=77015171&cate=112782,True
FL-ESPORTS Geo75 유무선 기계식 버블 블루,FL-ESPORTS,119000,https://img.danuri.io/catalog-image/180/015/077/b749d898a9844bbf83f4a3e62f2d2847.jpg?shrink=130:130&_v=20260617080613,기계식,유선+무선,미니,50g,2000,"전용동글(리시버), 블루투스",한/영 정각,RGB 백라이트,BCP,BCP,,77015180,,https://prod.danawa.com/info/?pcode=77015180&cate=112782,True
FL-ESPORTS Geo75 유무선 기계식 버블 블루,FL-ESPORTS,109000,https://img.danuri.io/catalog-image/180/015/077/b749d898a9844bbf83f4a3e62f2d2847.jpg?shrink=130:130&_v=20260617080613,기계식,유선+무선,미니,50g,2000,"전용동글(리시버), 블루투스",한/영 정각,RGB 백라이트,리치베리축,,,77015177,,https://prod.danawa.com/info/?pcode=77015177&cate=112782,True
darkFlash DFS99 유무선 기계식,darkFlash,71900,https://img.danuri.io/catalog-image/243/639/062/06071fa7630a4c1d955c362341ac5ca9.jpg?shrink=130:130&_v=20260617080552,기계식,유선+무선,95키,42g,746,"전용동글(리시버), 블루투스",한/영 정각,RGB 백라이트,,,후아노,62639243,,https://prod.danawa.com/info/?pcode=62639243&cate=112782,True
FL-ESPORTS Geo75 유무선 기계식 러브 핑크,FL-ESPORTS,119000,https://img.danuri.io/catalog-image/195/015/077/96ccf923d1c44a80b1e0780081c4d240.jpg?shrink=130:130&_v=20260617080507,기계식,유선+무선,미니,50g,2000,"전용동글(리시버), 블루투스",한/영 정각,RGB 백라이트,저소음 스노우축,,,77015186,,https://prod.danawa.com/info/?pcode=77015186&cate=112782,True
FL-ESPORTS Geo75 유무선 기계식 러브 핑크,FL-ESPORTS,119000,https://img.danuri.io/catalog-image/195/015/077/96ccf923d1c44a80b1e0780081c4d240.jpg?shrink=130:130&_v=20260617080507,기계식,유선+무선,미니,50g,2000,"전용동글(리시버), 블루투스",한/영 정각,RGB 백라이트,BCP,BCP,,77015195,,https://prod.danawa.com/info/?pcode=77015195&cate=112782,True
FL-ESPORTS Geo75 유무선 기계식 러브 핑크,FL-ESPORTS,109000,https://img.danuri.io/catalog-image/195/015/077/96ccf923d1c44a80b1e0780081c4d240.jpg?shrink=130:130&_v=20260617080507,기계식,유선+무선,미니,50g,2000,"전용동글(리시버), 블루투스",한/영 정각,RGB 백라이트,리치베리축,,,77015189,,https://prod.danawa.com/info/?pcode=77015189&cate=112782,True
VARMILO MA108M Lovebirds I PBT 염료승화 영문,VARMILO,369500,https://img.danuri.io/catalog-image/848/350/013/0bbb116e667b491980c72e86e6244bb4.jpg?shrink=130:130&_v=20260617080419,무접점,유선,풀배열,45g,1280,유선,영문 정각,단색 백라이트,핑크축,,독자 규격,13350848,,https://prod.danawa.com/info/?pcode=13350848&cate=112782,True
앱코 AK108 3모드 OTEMU 특주축 유무선 기계식 그린,앱코,69000,https://img.danuri.io/catalog-image/503/015/093/5be28f1f38e641e28e0d479df374f265.jpg?shrink=130:130&_v=20260617080443,기계식,유선+무선,풀배열,40g,1117,"전용동글(리시버), 블루투스",한/영 정각,RGB 백라이트,멜론축,,,93015503,,https://prod.danawa.com/info/?pcode=93015503&cate=112782,True
앱코 AK108 3모드 OTEMU 특주축 유무선 기계식 그린,앱코,79000,https://img.danuri.io/catalog-image/503/015/093/5be28f1f38e641e28e0d479df374f265.jpg?shrink=130:130&_v=20260617080443,기계식,유선+무선,풀배열,40g,1117,"전용동글(리시버), 블루투스",한/영 정각,RGB 백라이트,거북이 등껍질축,,,93015509,,https://prod.danawa.com/info/?pcode=93015509&cate=112782,True
앱코 AK108 3모드 OTEMU 특주축 유무선 기계식 그린,앱코,79000,https://img.danuri.io/catalog-image/503/015/093/5be28f1f38e641e28e0d479df374f265.jpg?shrink=130:130&_v=20260617080443,기계식,유선+무선,풀배열,40g,1117,"전용동글(리시버), 블루투스",한/영 정각,RGB 백라이트,피치축,,,93015512,,https://prod.danawa.com/info/?pcode=93015512&cate=112782,True
앱코 K660S V2 카일 광축 V2 게이밍 핑크,앱코,66000,https://img.danuri.io/catalog-image/628/991/075/4225a8ca993645b49d1f73d4d21dc884.jpg?shrink=130:130&_v=20260617092758,무접점 광축,유선,풀배열,40g,1240,유선,한/영 정각,레인보우 백라이트,,,카일,75991628,,https://prod.danawa.com/info/?pcode=75991628&cate=112782,True
앱코 AK108 3모드 OTEMU 특주축 유무선 기계식 올리비아,앱코,69000,https://img.danuri.io/catalog-image/521/015/093/5bf41eeafe844bc3bfb4c63c1552bdff.jpg?shrink=130:130&_v=20260617080502,기계식,유선+무선,풀배열,40g,1117,"전용동글(리시버), 블루투스",한/영 정각,RGB 백라이트,멜론축,,,93015518,,https://prod.danawa.com/info/?pcode=93015518&cate=112782,True
앱코 AK108 3모드 OTEMU 특주축 유무선 기계식 올리비아,앱코,81900,https://img.danuri.io/catalog-image/521/015/093/5bf41eeafe844bc3bfb4c63c1552bdff.jpg?shrink=130:130&_v=20260617080502,기계식,유선+무선,풀배열,40g,1117,"전용동글(리시버), 블루투스",한/영 정각,RGB 백라이트,거북이 등껍질축,,,93015521,,https://prod.danawa.com/info/?pcode=93015521&cate=112782,True
앱코 AK108 3모드 OTEMU 특주축 유무선 기계식 올리비아,앱코,79000,https://img.danuri.io/catalog-image/521/015/093/5bf41eeafe844bc3bfb4c63c1552bdff.jpg?shrink=130:130&_v=20260617080502,기계식,유선+무선,풀배열,40g,1117,"전용동글(리시버), 블루투스",한/영 정각,RGB 백라이트,피치축,,,93015530,,https://prod.danawa.com/info/?pcode=93015530&cate=112782,True
앱코 AK87 3모드 OTEMU 특주축 유무선 기계식 블랙,앱코,57850,https://img.danuri.io/catalog-image/761/829/074/0390045943b84141adc115deb0e8559e.jpg?shrink=130:130&_v=20260617080438,기계식,유선+무선,텐키리스,40g,1024,"전용동글(리시버), 블루투스",한/영 정각,RGB 백라이트,멜론축,,,74829761,,https://prod.danawa.com/info/?pcode=74829761&cate=112782,True
앱코 AK87 3모드 OTEMU 특주축 유무선 기계식 블랙,앱코,117900,https://img.danuri.io/catalog-image/761/829/074/0390045943b84141adc115deb0e8559e.jpg?shrink=130:130&_v=20260617080438,기계식,유선+무선,텐키리스,40g,1024,"전용동글(리시버), 블루투스",한/영 정각,RGB 백라이트,저소음 피치축,,,74830727,,https://prod.danawa.com/info/?pcode=74830727&cate=112782,True
COX 피네스 66키 아크릴 RGB 게이트론 퀵스왑 키보드,COX,30500,https://img.danuri.io/catalog-image/272/420/010/a38dbad2d64d474ba764f73d6c5fe0c1.jpg?shrink=130:130&_v=20260617080451,기계식,유선,미니,50g,580,유선,레이저각인 키캡,RGB 백라이트,갈축,,게이트론,10420293,,https://prod.danawa.com/info/?pcode=10420293&cate=112782,True
COX 피네스 66키 아크릴 RGB 게이트론 퀵스왑 키보드,COX,30500,https://img.danuri.io/catalog-image/272/420/010/a38dbad2d64d474ba764f73d6c5fe0c1.jpg?shrink=130:130&_v=20260617080451,기계식,유선,미니,50g,580,유선,레이저각인 키캡,RGB 백라이트,황축,,게이트론,10420272,,https://prod.danawa.com/info/?pcode=10420272&cate=112782,True
앱코 K140 슬림 멤브레인,앱코,19470,https://img.danuri.io/catalog-image/214/738/034/41388f062e4f46bf8450b84741c6c10b.jpg?shrink=130:130&_v=20260617080443,멤브레인,유선,풀배열,0g,500,유선,레이저각인 키캡,없음,,,,34738214,,https://prod.danawa.com/info/?pcode=34738214&cate=112782,True
Ducky ONE 3 SF RGB DayBreak PBT 이중사출 한글,Ducky,189000,https://img.danuri.io/catalog-image/686/986/016/81eeb261c48e46f9b529988614840cd2.jpg?shrink=130:130&_v=20260617080448,기계식,유선,미니,45g,700,유선,한/영 정각,RGB 백라이트,저소음 적축,,체리,16986686,,https://prod.danawa.com/info/?pcode=16986686&cate=112782,True
Ducky ONE 3 SF RGB DayBreak PBT 이중사출 한글,Ducky,189000,https://img.danuri.io/catalog-image/686/986/016/81eeb261c48e46f9b529988614840cd2.jpg?shrink=130:130&_v=20260617080448,기계식,유선,미니,45g,700,유선,한/영 정각,RGB 백라이트,클리어축,,체리,16986725,,https://prod.danawa.com/info/?pcode=16986725&cate=112782,True
MSI FORGE GK100 콤보 키보드 마우스 세트,MSI,28900,https://img.danuri.io/catalog-image/590/696/069/ce11041c9a9c4df187ae0be880d63e6a.jpg?shrink=130:130&_v=20260617080439,멤브레인,유선,풀배열,0g,864,유선,영문 정각,레인보우 백라이트,,,,69696590,,https://prod.danawa.com/info/?pcode=69696590&cate=112782,True
NZXT FUNCTION 2 MINITKL,NZXT,79000,https://img.danuri.io/catalog-image/731/527/043/22002ab8f3624af0af6e864b66467c41.jpg?shrink=130:130&_v=20260617200602,무접점 광축,유선,미니,40g,890,유선,영문 정각,RGB 백라이트,,,NZXT,43527731,,https://prod.danawa.com/info/?pcode=43527731&cate=112782,True
COX CSK105 VIA 실리콘 사운드 뎀퍼 유무선 기계식 그린,COX,59000,https://img.danuri.io/catalog-image/053/604/089/415e34dce83043b0aa28bbb481979641.jpg?shrink=130:130&_v=20260617080503,기계식,유선+무선,풀배열,45g,1200,"전용동글(리시버), 블루투스",한/영 정각,RGB 백라이트,페블축,,오테뮤,89604053,,https://prod.danawa.com/info/?pcode=89604053&cate=112782,True
앱코 AK998 8K OTEMU 특주축 기계식 스카이 블루,앱코,58000,https://img.danuri.io/catalog-image/429/336/074/656483dfdc374deaa874a6630dc61ca8.jpg?shrink=130:130&_v=20260617022131,기계식,유선,99키,40g,852,유선,한/영 정각,RGB 백라이트,멜론축,,,74336429,,https://prod.danawa.com/info/?pcode=74336429&cate=112782,True
앱코 AK998 8K OTEMU 특주축 기계식 스카이 블루,앱코,65000,https://img.danuri.io/catalog-image/429/336/074/656483dfdc374deaa874a6630dc61ca8.jpg?shrink=130:130&_v=20260617022131,기계식,유선,99키,40g,852,유선,한/영 정각,RGB 백라이트,저소음 피치축,,,74336483,,https://prod.danawa.com/info/?pcode=74336483&cate=112782,True
마이크로닉스 CALUX,마이크로닉스,371070,https://img.danuri.io/catalog-image/573/903/071/44d6bfd9892d4ab59e571817651cf126.jpg?shrink=130:130&_v=20260617080507,기계식,유선+무선,풀배열,50g,1350,"블루투스, 전용동글(리시버)",한/영 정각,단색 백라이트,게이트론축,,게이트론,71903573,,https://prod.danawa.com/info/?pcode=71903573&cate=112782,True
마이크로닉스 CALUX,마이크로닉스,371070,https://img.danuri.io/catalog-image/573/903/071/44d6bfd9892d4ab59e571817651cf126.jpg?shrink=130:130&_v=20260617080507,기계식,유선+무선,풀배열,50g,1350,"블루투스, 전용동글(리시버)",한/영 정각,단색 백라이트,체리축,,게이트론,78307952,,https://prod.danawa.com/info/?pcode=78307952&cate=112782,True
글로리어스 GMMK3 PRO HE 75%,글로리어스,239500,https://img.danuri.io/catalog-image/878/368/067/7d9935fe762f4628ba21f59f343cee3d.jpg?shrink=130:130&_v=20260617180717,무접점 자석축,유선,미니,35g,1800,유선,영문 정각,RGB 백라이트,,,,67368878,,https://prod.danawa.com/info/?pcode=67368878&cate=112782,True
앱코 HACKER K660M TKL 이색사출 PBT 체리 키보드 딥로얄,앱코,69000,https://img.danuri.io/catalog-image/855/446/015/e2d24103fc2447e1beec2c7edbf196f9.jpg?shrink=130:130&_v=20260617080504,기계식,유선,텐키리스,45g,1010,유선,한/영 정각,없음,갈축,,체리,15446855,,https://prod.danawa.com/info/?pcode=15446855&cate=112782,True
FL-ESPORTS CMK75 유무선 LCD 핫스왑 풀윤활 기계식 차콜 그레이 한글,FL-ESPORTS,101000,https://img.danuri.io/catalog-image/770/195/030/f70200b151bf4d30a02d8982db975b05.jpg?shrink=130:130&_v=20260617080448,기계식,유선+무선,미니,45g,1200,"전용동글(리시버), 블루투스",한/영 정각,RGB 백라이트,저소음 스노우축,,카일,58848209,,https://prod.danawa.com/info/?pcode=58848209&cate=112782,True
FL-ESPORTS CMK75 유무선 LCD 핫스왑 풀윤활 기계식 차콜 그레이 한글,FL-ESPORTS,108000,https://img.danuri.io/catalog-image/770/195/030/f70200b151bf4d30a02d8982db975b05.jpg?shrink=130:130&_v=20260617080448,기계식,유선+무선,미니,45g,1200,"전용동글(리시버), 블루투스",한/영 정각,RGB 백라이트,저소음 크림축,Silent Cream 저소음 크림,카일,30195770,,https://prod.danawa.com/info/?pcode=30195770&cate=112782,True
FL-ESPORTS CMK75 유무선 LCD 핫스왑 풀윤활 기계식 차콜 그레이 한글,FL-ESPORTS,92000,https://img.danuri.io/catalog-image/770/195/030/f70200b151bf4d30a02d8982db975b05.jpg?shrink=130:130&_v=20260617080448,기계식,유선+무선,미니,45g,1200,"전용동글(리시버), 블루투스",한/영 정각,RGB 백라이트,핑크축,,카일,30195614,,https://prod.danawa.com/info/?pcode=30195614&cate=112782,True
FL-ESPORTS CMK75 유무선 LCD 핫스왑 풀윤활 기계식 차콜 그레이 한글,FL-ESPORTS,92000,https://img.danuri.io/catalog-image/770/195/030/f70200b151bf4d30a02d8982db975b05.jpg?shrink=130:130&_v=20260617080448,기계식,유선+무선,미니,45g,1200,"전용동글(리시버), 블루투스",한/영 정각,RGB 백라이트,황축,,카일,30195884,,https://prod.danawa.com/info/?pcode=30195884&cate=112782,True
LEOBOG Hi8SE 유무선 기계식 카키 블랙,LEOBOG,99000,https://img.danuri.io/catalog-image/555/312/077/37a5bea642a54d1bbc40be4540b78d6b.jpg?shrink=130:130&_v=20260617080501,기계식,유선+무선,미니,40g,1600,전용동글(리시버),한/영 정각,RGB 백라이트,세이야축,SEIYA 세이야,,77312555,,https://prod.danawa.com/info/?pcode=77312555&cate=112782,True
LEOBOG Hi8SE 유무선 기계식 카키 블랙,LEOBOG,109000,https://img.danuri.io/catalog-image/555/312/077/37a5bea642a54d1bbc40be4540b78d6b.jpg?shrink=130:130&_v=20260617080501,기계식,유선+무선,미니,40g,1600,전용동글(리시버),한/영 정각,RGB 백라이트,저소음 바다축,,,78612404,,https://prod.danawa.com/info/?pcode=78612404&cate=112782,True
COX CM105KD 조약돌,COX,22900,https://img.danuri.io/catalog-image/821/721/101/bc692f34a9174a33925ece65b1be56e7.jpg?shrink=130:130&_v=20260617080451,멤브레인,유선,풀배열,45g,780,유선,한/영 정각,RGB 백라이트,,,,101721821,,https://prod.danawa.com/info/?pcode=101721821&cate=112782,True
FL-ESPORTS CMK99 유무선 핫스왑 풀윤활 기계식 화이트 그레이 한글,FL-ESPORTS,79000,https://img.danuri.io/catalog-image/902/664/029/215e751c319c45a1815810bdb4ec09ca.jpg?shrink=130:130&_v=20260617130457,기계식,유선+무선,99키,40g,1570,"전용동글(리시버), 블루투스",정보없음,RGB 백라이트,적축,,카일 박스 V2,29664902,,https://prod.danawa.com/info/?pcode=29664902&cate=112782,True
FL-ESPORTS CMK99 유무선 핫스왑 풀윤활 기계식 화이트 그레이 한글,FL-ESPORTS,198000,https://img.danuri.io/catalog-image/902/664/029/215e751c319c45a1815810bdb4ec09ca.jpg?shrink=130:130&_v=20260617130457,기계식,유선+무선,99키,40g,1570,"전용동글(리시버), 블루투스",정보없음,RGB 백라이트,갈축,,카일 박스 V2,29664911,,https://prod.danawa.com/info/?pcode=29664911&cate=112782,True
FL-ESPORTS CMK99 유무선 핫스왑 풀윤활 기계식 화이트 그레이 한글,FL-ESPORTS,198000,https://img.danuri.io/catalog-image/902/664/029/215e751c319c45a1815810bdb4ec09ca.jpg?shrink=130:130&_v=20260617130457,기계식,유선+무선,99키,40g,1570,"전용동글(리시버), 블루투스",정보없음,RGB 백라이트,백축,,카일 박스 V2,29664917,,https://prod.danawa.com/info/?pcode=29664917&cate=112782,True
FL-ESPORTS CMK99 유무선 핫스왑 풀윤활 기계식 화이트 그레이 한글,FL-ESPORTS,209000,https://img.danuri.io/catalog-image/902/664/029/215e751c319c45a1815810bdb4ec09ca.jpg?shrink=130:130&_v=20260617130457,기계식,유선+무선,99키,40g,1570,"전용동글(리시버), 블루투스",정보없음,RGB 백라이트,저소음 크림축,Silent Cream 저소음 크림,카일 박스 V2,29664926,,https://prod.danawa.com/info/?pcode=29664926&cate=112782,True
COX CSK105 VIA 실리콘 사운드 뎀퍼 유무선 기계식 핑크,COX,230000,https://img.danuri.io/catalog-image/077/604/089/f246d9cd538b4631ac1956912f1faeb3.jpg?shrink=130:130&_v=20260617080507,기계식,유선+무선,풀배열,40g,1200,"전용동글(리시버), 블루투스",한/영 정각,RGB 백라이트,저소음 피치축,,오테뮤,89604077,,https://prod.danawa.com/info/?pcode=89604077&cate=112782,True
COX CSK105 VIA 실리콘 사운드 뎀퍼 유무선 기계식 핑크,COX,59000,https://img.danuri.io/catalog-image/077/604/089/f246d9cd538b4631ac1956912f1faeb3.jpg?shrink=130:130&_v=20260617080507,기계식,유선+무선,풀배열,40g,1200,"전용동글(리시버), 블루투스",한/영 정각,RGB 백라이트,페블축,,오테뮤,89604083,,https://prod.danawa.com/info/?pcode=89604083&cate=112782,True
LEOBOG Hi8SE 유무선 기계식 올리비아 화이트,LEOBOG,99000,https://img.danuri.io/catalog-image/546/312/077/76235f8daaa640f695942c8d184efe3d.jpg?shrink=130:130&_v=20260615080451,기계식,유선+무선,미니,40g,1600,전용동글(리시버),한/영 정각,RGB 백라이트,세이야축,SEIYA 세이야,,77312546,,https://prod.danawa.com/info/?pcode=77312546&cate=112782,True
COX CK01 PBT 마이애미 나이트 에디션 게이밍 기계식,COX,29900,https://img.danuri.io/catalog-image/505/625/018/376668b1c40849258b4b5fa2d136b4de.jpg?shrink=130:130&_v=20260617080613,기계식,유선,풀배열,50g,820,유선,한/영 정각,없음,청축,,GTMX,18625505,,https://prod.danawa.com/info/?pcode=18625505&cate=112782,True
Razer Ornata V3 TKL Kuromi Edition,Razer,126000,https://img.danuri.io/catalog-image/246/790/076/178eab92f26e4e348991d0cde3d478d6.jpg?shrink=130:130&_v=20260617080612,멤브레인,유선,텐키리스,0g,644,유선,영문 정각,RGB 백라이트,,,RAZER 메카,76790246,,https://prod.danawa.com/info/?pcode=76790246&cate=112782,True
앱코 K580 교체축 게이밍 기계식 젠틀맨,앱코,53100,https://img.danuri.io/catalog-image/403/533/068/ecc4f920ca9e455c866ead545dc77a3a.jpg?shrink=130:130&_v=20260617080443,기계식,유선,풀배열,45g,500,유선,한/영 정각,레인보우 백라이트,적축,,,68436968,,https://prod.danawa.com/info/?pcode=68436968&cate=112782,True
앱코 K580 교체축 게이밍 기계식 젠틀맨,앱코,29300,https://img.danuri.io/catalog-image/403/533/068/ecc4f920ca9e455c866ead545dc77a3a.jpg?shrink=130:130&_v=20260617080443,기계식,유선,풀배열,45g,500,유선,한/영 정각,레인보우 백라이트,갈축,,,68533403,,https://prod.danawa.com/info/?pcode=68533403&cate=112782,True
앱코 K580 교체축 게이밍 기계식 젠틀맨,앱코,31900,https://img.danuri.io/catalog-image/403/533/068/ecc4f920ca9e455c866ead545dc77a3a.jpg?shrink=130:130&_v=20260617080443,기계식,유선,풀배열,45g,500,유선,한/영 정각,레인보우 백라이트,청축,,,68533382,,https://prod.danawa.com/info/?pcode=68533382&cate=112782,True
앱코 WKM620 TKL 멀티 컬러 육각키캡 무선 미니 키보드 마우스 세트,앱코,47290,https://img.danuri.io/catalog-image/564/278/012/8a4b2d867c364236ac8f28cf8cce51b1.jpg?shrink=130:130&_v=20260617080439,멤브레인,무선,미니,0g,470,[키보드] 전용동글(리시버),정보없음,없음,,,,12278564,,https://prod.danawa.com/info/?pcode=12278564&cate=112782,True
COX CY104K V2 카일 광축 V2 게이밍 화이트&핑크,COX,65000,https://img.danuri.io/catalog-image/954/887/090/7f7000a39ee246cdb847182adc4c93b4.jpeg?shrink=130:130&_v=20260617080447,무접점 광축,유선,풀배열,40g,1200,유선,한/영 정각,레인보우 백라이트,적축,,카일,90887954,,https://prod.danawa.com/info/?pcode=90887954&cate=112782,True
COX CY104K V2 카일 광축 V2 게이밍 화이트&핑크,COX,65000,https://img.danuri.io/catalog-image/954/887/090/7f7000a39ee246cdb847182adc4c93b4.jpeg?shrink=130:130&_v=20260617080447,무접점 광축,유선,풀배열,40g,1200,유선,한/영 정각,레인보우 백라이트,갈축,,카일,90887948,,https://prod.danawa.com/info/?pcode=90887948&cate=112782,True
COX CY104K V2 카일 광축 V2 게이밍 화이트&핑크,COX,65000,https://img.danuri.io/catalog-image/954/887/090/7f7000a39ee246cdb847182adc4c93b4.jpeg?shrink=130:130&_v=20260617080447,무접점 광축,유선,풀배열,40g,1200,유선,한/영 정각,레인보우 백라이트,청축,,카일,90887951,,https://prod.danawa.com/info/?pcode=90887951&cate=112782,True
NZXT FUNCTION,NZXT,69000,https://img.danuri.io/catalog-image/570/601/016/ff253be127a94acfa20c7b6c3b04033c.jpg?shrink=130:130&_v=20260617200602,기계식,유선,풀배열,45g,910,유선,영문 정각,RGB 백라이트,,,게이트론,16601570,,https://prod.danawa.com/info/?pcode=16601570&cate=112782,True
COX CK87 BT 게이트론 블루투스 5.0 텐키리스 기계식 게이밍 화이트,COX,111400,https://img.danuri.io/catalog-image/672/086/012/62b09ca5974a4a7f981da47a6d262a92.jpg?shrink=130:130&_v=20260617080447,기계식,유선+무선,텐키리스,55g,1035,블루투스,정보없음,없음,청축,,게이트론,12086672,,https://prod.danawa.com/info/?pcode=12086672&cate=112782,True
앱코 HACKER K515 축교환 측면 RGB 라이팅 이중사출 게이밍 기계식 화이트,앱코,40900,https://img.danuri.io/catalog-image/180/321/009/d4a4e62e63ff4b399201aad2630482a6.jpg?shrink=130:130&_v=20260617200912,기계식,유선,풀배열,50g,840,유선,한/영 정각,레인보우 백라이트,적축,,GTMX,9326529,,https://prod.danawa.com/info/?pcode=9326529&cate=112782,True
앱코 HACKER K515 축교환 측면 RGB 라이팅 이중사출 게이밍 기계식 화이트,앱코,40900,https://img.danuri.io/catalog-image/180/321/009/d4a4e62e63ff4b399201aad2630482a6.jpg?shrink=130:130&_v=20260617200912,기계식,유선,풀배열,50g,840,유선,한/영 정각,레인보우 백라이트,갈축,,GTMX,9326511,,https://prod.danawa.com/info/?pcode=9326511&cate=112782,True
앱코 HACKER K515 축교환 측면 RGB 라이팅 이중사출 게이밍 기계식 화이트,앱코,40900,https://img.danuri.io/catalog-image/180/321/009/d4a4e62e63ff4b399201aad2630482a6.jpg?shrink=130:130&_v=20260617200912,기계식,유선,풀배열,50g,840,유선,한/영 정각,레인보우 백라이트,청축,,GTMX,9321180,,https://prod.danawa.com/info/?pcode=9321180&cate=112782,True
COUGAR PURI TKL RGB,COUGAR,44900,https://img.danuri.io/catalog-image/985/639/013/85ea9c7cb60f446dac1f43c61e9d5104.jpg?shrink=130:130&_v=20260617080419,기계식,유선,텐키리스,45g,1200,유선,한/영 정각,RGB 백라이트,적축,,독자 규격,13639985,,https://prod.danawa.com/info/?pcode=13639985&cate=112782,True
COX CX108G PBT 가스켓 마운트 게이밍 기계식 키보드,COX,42900,https://img.danuri.io/catalog-image/763/310/018/b2169b9333554fea9399e74aff200208.jpg?shrink=130:130&_v=20260617080448,기계식,유선,풀배열,45g,1220,유선,한/영 정각,단색 백라이트,갈축,,게이트론,18310763,,https://prod.danawa.com/info/?pcode=18310763&cate=112782,True
COX CX108G PBT 가스켓 마운트 게이밍 기계식 키보드,COX,38850,https://img.danuri.io/catalog-image/763/310/018/b2169b9333554fea9399e74aff200208.jpg?shrink=130:130&_v=20260617080448,기계식,유선,풀배열,45g,1220,유선,한/영 정각,단색 백라이트,황축,,게이트론,18413525,,https://prod.danawa.com/info/?pcode=18413525&cate=112782,True
COX CK80 유무선 기계식,COX,61000,https://img.danuri.io/catalog-image/943/302/065/28f07d429c234e42b4f5675f65ac478e.jpg?shrink=130:130&_v=20260617080439,기계식,유선+무선,미니,47g,797,"전용동글(리시버), 블루투스",한/영 정각,RGB 백라이트,,,,65302943,,https://prod.danawa.com/info/?pcode=65302943&cate=112782,True
darkFlash DG104,darkFlash,17130,https://img.danuri.io/catalog-image/082/319/093/43eddda83df044ee83cff5f5eea729ba.jpg?shrink=130:130&_v=20260617080443,멤브레인,유선,풀배열,0g,595,유선,한/영 정각,레인보우 백라이트,,,,93319082,,https://prod.danawa.com/info/?pcode=93319082&cate=112782,True
COX CK87 PBT SUNSHINE GD 기계식,COX,35600,https://img.danuri.io/catalog-image/609/438/020/25e0232c41e34848ba620a2ad5d7e706.jpg?shrink=130:130&_v=20260617080447,기계식,유선,텐키리스,50g,980,유선,한/영 정각,단색 백라이트,갈축,,게이트론,20438657,,https://prod.danawa.com/info/?pcode=20438657&cate=112782,True
COX CK87 PBT SUNSHINE GD 기계식,COX,35900,https://img.danuri.io/catalog-image/609/438/020/25e0232c41e34848ba620a2ad5d7e706.jpg?shrink=130:130&_v=20260617080447,기계식,유선,텐키리스,50g,980,유선,한/영 정각,단색 백라이트,황축,,게이트론,20438609,,https://prod.danawa.com/info/?pcode=20438609&cate=112782,True
마이크로닉스 MANIC X240 LED 게이밍 기계식 키보드,마이크로닉스,32000,https://img.danuri.io/catalog-image/059/263/013/f95462b668bf4674a7d7fabaa20d21c2.jpg?shrink=130:130&_v=20260617080501,기계식,유선,풀배열,50g,850,유선,정보없음,레인보우 백라이트,적축,,MANIC,13263071,,https://prod.danawa.com/info/?pcode=13263071&cate=112782,True
마이크로닉스 MANIC X240 LED 게이밍 기계식 키보드,마이크로닉스,32000,https://img.danuri.io/catalog-image/059/263/013/f95462b668bf4674a7d7fabaa20d21c2.jpg?shrink=130:130&_v=20260617080501,기계식,유선,풀배열,50g,850,유선,정보없음,레인보우 백라이트,갈축,,MANIC,13263059,,https://prod.danawa.com/info/?pcode=13263059&cate=112782,True
마이크로닉스 MANIC X240 LED 게이밍 기계식 키보드,마이크로닉스,32900,https://img.danuri.io/catalog-image/059/263/013/f95462b668bf4674a7d7fabaa20d21c2.jpg?shrink=130:130&_v=20260617080501,기계식,유선,풀배열,50g,850,유선,정보없음,레인보우 백라이트,청축,,MANIC,13263044,,https://prod.danawa.com/info/?pcode=13263044&cate=112782,True
CORSAIR DROP 반지의 제왕 기계식,CORSAIR,227000,https://img.danuri.io/catalog-image/147/656/069/440b5b02c22e47cca4c98b3084cf3eeb.jpg?shrink=130:130&_v=20260617080503,기계식,유선,텐키리스,50g,930,유선,영문 정각,단색 백라이트,,,,69656147,,https://prod.danawa.com/info/?pcode=69656147&cate=112782,True
Keydous NJ80-AP 유무선 핫스왑 풀윤활 기계식 차콜블랙,Keydous,69000,https://img.danuri.io/catalog-image/691/299/020/48a4613df14c4456a6875ab70b56719c.jpg?shrink=130:130&_v=20260617080419,기계식,유선+무선,미니,45g,1000,"블루투스, 전용동글(리시버)",한/영 정각,RGB 백라이트,,,카일,20299691,,https://prod.danawa.com/info/?pcode=20299691&cate=112782,True
VARMILO MA87M Lovebirds I PBT 염료승화 영문,VARMILO,389000,https://img.danuri.io/catalog-image/356/350/013/15ce0b0cea9e4c6988f57ab204eca375.jpg?shrink=130:130&_v=20260617080503,무접점,유선,텐키리스,55g,950,유선,영문 정각,단색 백라이트,로즈축,,독자 규격,13350356,,https://prod.danawa.com/info/?pcode=13350356&cate=112782,True
AULA AU75 유무선 기계식,AULA,89000,https://img.danuri.io/catalog-image/492/983/072/23ee441af2d74779adea835d1c2a2e51.jpg?shrink=130:130&_v=20260617080438,기계식,유선+무선,미니,43g,977,"전용동글(리시버), 블루투스",한/영 정각,RGB 백라이트,,,,72983492,,https://prod.danawa.com/info/?pcode=72983492&cate=112782,True
앱코 AN05 아이스큐브 옵티컬 게이밍,앱코,99800,https://img.danuri.io/catalog-image/029/830/019/f4f08141334a4fc9aa23ca278b351bb4.jpg?shrink=130:130&_v=20260617080551,무접점 광축,유선,풀배열,50g,1160,유선,한/영 정각,레인보우 백라이트,,,,19830029,,https://prod.danawa.com/info/?pcode=19830029&cate=112782,True
COX CK01SL PBT 45GF,COX,38000,https://img.danuri.io/catalog-image/175/456/019/fc5cd87c9b404014bac6333541982db8.jpg?shrink=130:130&_v=20260617080613,기계식,유선,풀배열,45g,820,유선,한/영 정각,없음,,,GTMX,19456175,,https://prod.danawa.com/info/?pcode=19456175&cate=112782,True
앱코 K640T SLIM 축교환 무빙LED 텐키리스 기계식 블랙,앱코,69800,https://img.danuri.io/catalog-image/517/363/013/7ed923721e5c4fc8b221bc89fb880849.jpg?shrink=130:130&_v=20260617080448,기계식,유선,텐키리스,45g,572,유선,정보없음,레인보우 백라이트,적축,,GTMX,13363517,,https://prod.danawa.com/info/?pcode=13363517&cate=112782,True
앱코 K640T SLIM 축교환 무빙LED 텐키리스 기계식 블랙,앱코,69800,https://img.danuri.io/catalog-image/517/363/013/7ed923721e5c4fc8b221bc89fb880849.jpg?shrink=130:130&_v=20260617080448,기계식,유선,텐키리스,45g,572,유선,정보없음,레인보우 백라이트,청축,,GTMX,13363487,,https://prod.danawa.com/info/?pcode=13363487&cate=112782,True
앱코 HACKER K523 기계식 축교환 LED 키패드,앱코,14300,https://img.danuri.io/catalog-image/322/647/009/838857acaf3145439e46bd238590af9c.jpg?shrink=130:130&_v=20260617080613,기계식,유선,23키,50g,265,유선,영문 정각,단색 백라이트,적축,,GTMX,18727175,,https://prod.danawa.com/info/?pcode=18727175&cate=112782,True
앱코 HACKER K523 기계식 축교환 LED 키패드,앱코,14300,https://img.danuri.io/catalog-image/322/647/009/838857acaf3145439e46bd238590af9c.jpg?shrink=130:130&_v=20260617080613,기계식,유선,23키,50g,265,유선,영문 정각,단색 백라이트,청축,,GTMX,9647322,,https://prod.danawa.com/info/?pcode=9647322&cate=112782,True
앱코 AG75W 가스켓 마운트 유무선 블루투스 기계식 로즈 핑크,앱코,43900,https://img.danuri.io/catalog-image/998/102/039/7cb70b1ebed848658681b64243409ddb.jpg?shrink=130:130&_v=20260617020136,기계식,유선+무선,미니,40g,1020,"전용동글(리시버), 블루투스",한/영 정각,RGB 백라이트,적축,,Kailh Box V2,39102998,,https://prod.danawa.com/info/?pcode=39102998&cate=112782,True
앱코 AG75W 가스켓 마운트 유무선 블루투스 기계식 로즈 핑크,앱코,43900,https://img.danuri.io/catalog-image/998/102/039/7cb70b1ebed848658681b64243409ddb.jpg?shrink=130:130&_v=20260617020136,기계식,유선+무선,미니,40g,1020,"전용동글(리시버), 블루투스",한/영 정각,RGB 백라이트,갈축,,Kailh Box V2,39103064,,https://prod.danawa.com/info/?pcode=39103064&cate=112782,True
Ducky MECHA MINI RGB PBT 이중사출 한글,Ducky,119000,https://img.danuri.io/catalog-image/004/739/015/4a41479923464e7890caf6cf818b6993.jpg?shrink=130:130&_v=20260617080507,기계식,유선,미니,45g,827,유선,한/영 정각,RGB 백라이트,적축,MX Red,체리,15738986,,https://prod.danawa.com/info/?pcode=15738986&cate=112782,True
Ducky MECHA MINI RGB PBT 이중사출 한글,Ducky,119000,https://img.danuri.io/catalog-image/004/739/015/4a41479923464e7890caf6cf818b6993.jpg?shrink=130:130&_v=20260617080507,기계식,유선,미니,45g,827,유선,한/영 정각,RGB 백라이트,갈축,,체리,15738965,,https://prod.danawa.com/info/?pcode=15738965&cate=112782,True
Ducky MECHA MINI RGB PBT 이중사출 한글,Ducky,119000,https://img.danuri.io/catalog-image/004/739/015/4a41479923464e7890caf6cf818b6993.jpg?shrink=130:130&_v=20260617080507,기계식,유선,미니,45g,827,유선,한/영 정각,RGB 백라이트,스피드 은축,,체리,15739016,,https://prod.danawa.com/info/?pcode=15739016&cate=112782,True
Ducky MECHA MINI RGB PBT 이중사출 한글,Ducky,119000,https://img.danuri.io/catalog-image/004/739/015/4a41479923464e7890caf6cf818b6993.jpg?shrink=130:130&_v=20260617080507,기계식,유선,미니,45g,827,유선,한/영 정각,RGB 백라이트,저소음 적축,,체리,15739004,,https://prod.danawa.com/info/?pcode=15739004&cate=112782,True
Ducky One 2 SEAMLESS ROSA PBT 이중사출 한글,Ducky,89000,https://img.danuri.io/catalog-image/041/979/014/e49f7e36f49a42fa86b61685075e6a7d.jpg?shrink=130:130&_v=20260617080448,기계식,유선,풀배열,45g,1100,유선,한/영 정각,없음,적축,MX Red,체리,14979056,,https://prod.danawa.com/info/?pcode=14979056&cate=112782,True
Ducky One 2 SEAMLESS ROSA PBT 이중사출 한글,Ducky,89000,https://img.danuri.io/catalog-image/041/979/014/e49f7e36f49a42fa86b61685075e6a7d.jpg?shrink=130:130&_v=20260617080448,기계식,유선,풀배열,45g,1100,유선,한/영 정각,없음,갈축,,체리,14979041,,https://prod.danawa.com/info/?pcode=14979041&cate=112782,True
Ducky One 2 SEAMLESS ROSA PBT 이중사출 한글,Ducky,99000,https://img.danuri.io/catalog-image/041/979/014/e49f7e36f49a42fa86b61685075e6a7d.jpg?shrink=130:130&_v=20260617080448,기계식,유선,풀배열,45g,1100,유선,한/영 정각,없음,은축,,체리,14979101,,https://prod.danawa.com/info/?pcode=14979101&cate=112782,True
앱코 AR61D 풀 알루미늄 유무선 기계식,앱코,132300,https://img.danuri.io/catalog-image/248/474/018/1b242fbd0bf44d42aac73d61ced73843.jpg?shrink=130:130&_v=20260617080443,기계식,유선+무선,미니,45g,1700,"전용동글(리시버), 블루투스",한/영 정각,RGB 백라이트,,,카일,18474248,,https://prod.danawa.com/info/?pcode=18474248&cate=112782,True
앱코 K840 사각 레트로 축교환 기계식 화이트,앱코,108150,https://img.danuri.io/catalog-image/893/825/015/92741b874fd246e5b0868d21e15a54f8.jpg?shrink=130:130&_v=20260617080419,기계식,유선,풀배열,45g,870,유선,한/영 정각,단색 백라이트,갈축,,GTMX,15825893,,https://prod.danawa.com/info/?pcode=15825893&cate=112782,True
앱코 K840 사각 레트로 축교환 기계식 화이트,앱코,45000,https://img.danuri.io/catalog-image/893/825/015/92741b874fd246e5b0868d21e15a54f8.jpg?shrink=130:130&_v=20260617080419,기계식,유선,풀배열,45g,870,유선,한/영 정각,단색 백라이트,청축,,GTMX,15825881,,https://prod.danawa.com/info/?pcode=15825881&cate=112782,True
쿨러마스터 CK570 Street Fighter 6 Chun-Li 기계식,쿨러마스터,97280,https://img.danuri.io/catalog-image/362/059/028/6bc33ac9cce3463eb7f0ceb1abaafed1.jpg?shrink=130:130&_v=20260617080438,기계식,유선,98키,45g,956,유선,영문 정각,RGB 백라이트,,,체리,28059362,,https://prod.danawa.com/info/?pcode=28059362&cate=112782,True
마이크로닉스 메카 ZK2 마닉축 RGB 게이밍 기계식 키보드,마이크로닉스,94000,https://img.danuri.io/catalog-image/119/362/016/270410c0fb0a4828a8c845a82b96502f.jpg?shrink=130:130&_v=20260617080613,기계식,유선,풀배열,50g,1087,유선,레이저각인 키캡,RGB 백라이트,적축,,독자 규격,16362128,,https://prod.danawa.com/info/?pcode=16362128&cate=112782,True
마이크로닉스 메카 ZK2 마닉축 RGB 게이밍 기계식 키보드,마이크로닉스,94000,https://img.danuri.io/catalog-image/119/362/016/270410c0fb0a4828a8c845a82b96502f.jpg?shrink=130:130&_v=20260617080613,기계식,유선,풀배열,50g,1087,유선,레이저각인 키캡,RGB 백라이트,갈축,,독자 규격,16362119,,https://prod.danawa.com/info/?pcode=16362119&cate=112782,True
마이크로닉스 메카 ZK2 마닉축 RGB 게이밍 기계식 키보드,마이크로닉스,94000,https://img.danuri.io/catalog-image/119/362/016/270410c0fb0a4828a8c845a82b96502f.jpg?shrink=130:130&_v=20260617080613,기계식,유선,풀배열,50g,1087,유선,레이저각인 키캡,RGB 백라이트,청축,,독자 규격,16361963,,https://prod.danawa.com/info/?pcode=16361963&cate=112782,True
마이크로닉스 MANIC K1400 유선 키보드,마이크로닉스,38360,https://img.danuri.io/catalog-image/080/611/013/9e18d7f5d99a4c6f87119a74991a177b.jpg?shrink=130:130&_v=20260617080438,멤브레인,유선,풀배열,0g,583,유선,한/영 정각,없음,,,,13611080,,https://prod.danawa.com/info/?pcode=13611080&cate=112782,True
앱코 AK81BT 3MODE 유무선 기계식 루왁 커피,앱코,92200,https://img.danuri.io/catalog-image/224/337/074/6ea59b629391471c9c96c9efe3c37d2a.jpg?shrink=130:130&_v=20260617080448,기계식,유선+무선,미니,45g,866,"전용동글(리시버), 블루투스",영문 정각,RGB 백라이트,,,,74337224,,https://prod.danawa.com/info/?pcode=74337224&cate=112782,True
MadCatz S.T.R.I.K.E 6,MadCatz,64940,https://img.danuri.io/catalog-image/183/955/016/9da32a39193343fc9b5d3cfb7feacde9.jpg?shrink=130:130&_v=20260617080552,기계식,유선,미니,60g,540,유선,영문 정각,RGB 백라이트,,,독자 규격,16955183,,https://prod.danawa.com/info/?pcode=16955183&cate=112782,True
LEOBOG HI75 기계식 블랙,LEOBOG,84550,https://img.danuri.io/catalog-image/813/457/055/f53356b802c541d48726abae1a0270aa.jpg?shrink=130:130&_v=20260617080502,기계식,유선,미니,40g,1498,유선,한/영 정각,RGB 백라이트,회목축V4,Grey Wood V4 회목축,,55457813,,https://prod.danawa.com/info/?pcode=55457813&cate=112782,True
COX CK108 레드/다크그레이 게이트론 LED 게이밍 기계식,COX,43700,https://img.danuri.io/catalog-image/776/048/008/c9c327ad27de4483b54bb7652dff1619.jpg?shrink=130:130&_v=20260617080448,기계식,유선,풀배열,60g,1109,유선,한/영 정각,단색 백라이트,"S1, 녹축",,게이트론,8048698,,https://prod.danawa.com/info/?pcode=8048698&cate=112782,True
COX CK108 레드/다크그레이 게이트론 LED 게이밍 기계식,COX,44890,https://img.danuri.io/catalog-image/776/048/008/c9c327ad27de4483b54bb7652dff1619.jpg?shrink=130:130&_v=20260617080448,기계식,유선,풀배열,60g,1109,유선,한/영 정각,단색 백라이트,"S2, 녹축",,게이트론,8048776,,https://prod.danawa.com/info/?pcode=8048776&cate=112782,True
마이크로닉스 MANIC K160 키보드 마우스 무선 합본,마이크로닉스,43730,https://img.danuri.io/catalog-image/422/150/006/1a91b626e4da4b6499ea45ffc2f31b2a.jpg?shrink=130:130&_v=20260617080552,멤브레인,무선,풀배열,0g,425,[키보드] 전용동글(리시버),레이저각인 키캡,없음,,,,6150422,,https://prod.danawa.com/info/?pcode=6150422&cate=112782,True
앱코 AG75W 가스켓 마운트 유무선 블루투스 기계식 쿨 민트,앱코,43900,https://img.danuri.io/catalog-image/130/103/039/0caf04537bfb46e880283550c96e5d65.jpg?shrink=130:130&_v=20260617021317,기계식,유선+무선,미니,40g,1020,"전용동글(리시버), 블루투스",한/영 정각,RGB 백라이트,적축,,Kailh Box V2,39103130,,https://prod.danawa.com/info/?pcode=39103130&cate=112782,True
앱코 AG75W 가스켓 마운트 유무선 블루투스 기계식 쿨 민트,앱코,43900,https://img.danuri.io/catalog-image/130/103/039/0caf04537bfb46e880283550c96e5d65.jpg?shrink=130:130&_v=20260617021317,기계식,유선+무선,미니,40g,1020,"전용동글(리시버), 블루투스",한/영 정각,RGB 백라이트,갈축,,Kailh Box V2,39103139,,https://prod.danawa.com/info/?pcode=39103139&cate=112782,True
앱코 HACKER KN01 텐키리스 PBT RGB 무접점 블랙,앱코,224700,https://img.danuri.io/catalog-image/771/833/011/85d0020d4da0457088131fe3349a8eb6.jpg?shrink=130:130&_v=20260617080507,무접점,유선,텐키리스,45g,790,유선,정보없음,RGB 백라이트,,,NIZ EC,11833771,,https://prod.danawa.com/info/?pcode=11833771&cate=112782,True
글로리어스 GMMK3 PRO HE 65%,글로리어스,224500,https://img.danuri.io/catalog-image/544/466/069/8a79b5f2b40a4e139e67f149cf073024.jpg?shrink=130:130&_v=20260617200947,무접점 자석축,유선,미니,35g,1450,유선,영문 정각,RGB 백라이트,,,,69466544,,https://prod.danawa.com/info/?pcode=69466544&cate=112782,True
FL-ESPORTS CMK75 유무선 LCD 핫스왑 풀윤활 기계식 화이트 그레이 한글,FL-ESPORTS,101000,https://img.danuri.io/catalog-image/064/196/030/0d72728df3394e98b2ed50b442ab44d7.jpg?shrink=130:130&_v=20260617080448,기계식,유선+무선,미니,45g,1200,"전용동글(리시버), 블루투스",한/영 정각,RGB 백라이트,저소음 스노우축,,카일,58848218,,https://prod.danawa.com/info/?pcode=58848218&cate=112782,True
FL-ESPORTS CMK75 유무선 LCD 핫스왑 풀윤활 기계식 화이트 그레이 한글,FL-ESPORTS,108000,https://img.danuri.io/catalog-image/064/196/030/0d72728df3394e98b2ed50b442ab44d7.jpg?shrink=130:130&_v=20260617080448,기계식,유선+무선,미니,45g,1200,"전용동글(리시버), 블루투스",한/영 정각,RGB 백라이트,저소음 크림축,Silent Cream 저소음 크림,카일,30196064,,https://prod.danawa.com/info/?pcode=30196064&cate=112782,True
FL-ESPORTS CMK75 유무선 LCD 핫스왑 풀윤활 기계식 화이트 그레이 한글,FL-ESPORTS,92000,https://img.danuri.io/catalog-image/064/196/030/0d72728df3394e98b2ed50b442ab44d7.jpg?shrink=130:130&_v=20260617080448,기계식,유선+무선,미니,45g,1200,"전용동글(리시버), 블루투스",한/영 정각,RGB 백라이트,핑크축,,카일,30196031,,https://prod.danawa.com/info/?pcode=30196031&cate=112782,True
FL-ESPORTS CMK75 유무선 LCD 핫스왑 풀윤활 기계식 화이트 그레이 한글,FL-ESPORTS,92000,https://img.danuri.io/catalog-image/064/196/030/0d72728df3394e98b2ed50b442ab44d7.jpg?shrink=130:130&_v=20260617080448,기계식,유선+무선,미니,45g,1200,"전용동글(리시버), 블루투스",한/영 정각,RGB 백라이트,황축,,카일,30196079,,https://prod.danawa.com/info/?pcode=30196079&cate=112782,True
COX CK87 SLIM LP PBT 화이트,COX,79000,https://img.danuri.io/catalog-image/560/466/017/1ba1c22965de4d79b234bbeb547c640b.jpg?shrink=130:130&_v=20260617080551,기계식,유선,텐키리스,40g,760,유선,한/영 정각,단색 백라이트,갈축,,TTC,17466560,,https://prod.danawa.com/info/?pcode=17466560&cate=112782,True
COX CK87 SLIM LP PBT 화이트,COX,39340,https://img.danuri.io/catalog-image/560/466/017/1ba1c22965de4d79b234bbeb547c640b.jpg?shrink=130:130&_v=20260617080551,기계식,유선,텐키리스,40g,760,유선,한/영 정각,단색 백라이트,청축,,TTC,17465078,,https://prod.danawa.com/info/?pcode=17465078&cate=112782,True
COX CQ8K108 유무선 기계식 소프트 라일락,COX,79000,https://img.danuri.io/catalog-image/556/410/098/d0c8e6b153e947fb926c24cd80b169cc.jpg?shrink=130:130&_v=20260617080443,기계식,유선,풀배열,47g,1140,"전용동글(리시버), 블루투스",한/영 정각,RGB 백라이트,,,,98410556,,https://prod.danawa.com/info/?pcode=98410556&cate=112782,True
앱코 AN03 옵티컬 게이밍,앱코,84870,https://img.danuri.io/catalog-image/013/775/018/b562598d0aea4e68af856bdeec05dd5c.jpg?shrink=130:130&_v=20260617080448,무접점 광축,유선,풀배열,50g,1100,유선,한/영 정각,레인보우 백라이트,,,,18775013,,https://prod.danawa.com/info/?pcode=18775013&cate=112782,True
갤럭시 갤라즈 GALAX EX-03 게이밍 기계식 키보드,갤럭시,51170,https://img.danuri.io/catalog-image/799/297/016/1e3fc05356154087b647e5c6ae8ca39e.jpg?shrink=130:130&_v=20260617080448,기계식 흑축,유선,풀배열,50g,680,유선,한/영 정각,레인보우 백라이트,,,오테뮤,16297799,,https://prod.danawa.com/info/?pcode=16297799&cate=112782,True
COX CK87 블랙 게이트론 LED 게이밍 기계식,COX,131400,https://img.danuri.io/catalog-image/502/938/007/37538e59e7d343e285ab92e3b98471ad.jpg?shrink=130:130&_v=20260617080451,기계식,유선,텐키리스,60g,935,유선,한/영 정각,단색 백라이트,갈축,,게이트론,7938454,,https://prod.danawa.com/info/?pcode=7938454&cate=112782,True
COX CK87 블랙 게이트론 LED 게이밍 기계식,COX,169900,https://img.danuri.io/catalog-image/502/938/007/37538e59e7d343e285ab92e3b98471ad.jpg?shrink=130:130&_v=20260617080451,기계식,유선,텐키리스,60g,935,유선,한/영 정각,단색 백라이트,녹축,,게이트론,7938502,,https://prod.danawa.com/info/?pcode=7938502&cate=112782,True
COX C87 유무선 기계식 화이트 퍼플,COX,49900,https://img.danuri.io/catalog-image/720/062/081/6aa4c2559f734d778c3e7de0b284c5a7.jpg?shrink=130:130&_v=20260617080419,기계식,유선+무선,텐키리스,40g,862,"전용동글(리시버), 블루투스",한/영 정각,RGB 백라이트,허니축,,오테뮤,81062720,,https://prod.danawa.com/info/?pcode=81062720&cate=112782,True
COX C87 유무선 기계식 화이트 퍼플,COX,49900,https://img.danuri.io/catalog-image/720/062/081/6aa4c2559f734d778c3e7de0b284c5a7.jpg?shrink=130:130&_v=20260617080419,기계식,유선+무선,텐키리스,40g,862,"전용동글(리시버), 블루투스",한/영 정각,RGB 백라이트,용과축,,오테뮤,81062738,,https://prod.danawa.com/info/?pcode=81062738&cate=112782,True
앱코 K480 교체축 게이밍 기계식 스카이,앱코,55660,https://img.danuri.io/catalog-image/554/706/077/da4a3b8b7dff4ac2a44b2eef1e9144fe.jpg?shrink=130:130&_v=20260617080438,기계식,유선,텐키리스,45g,604,유선,한/영 정각,RGB 백라이트,적축,,,77706539,,https://prod.danawa.com/info/?pcode=77706539&cate=112782,True
앱코 K480 교체축 게이밍 기계식 스카이,앱코,54400,https://img.danuri.io/catalog-image/554/706/077/da4a3b8b7dff4ac2a44b2eef1e9144fe.jpg?shrink=130:130&_v=20260617080438,기계식,유선,텐키리스,45g,604,유선,한/영 정각,RGB 백라이트,갈축,,,77706554,,https://prod.danawa.com/info/?pcode=77706554&cate=112782,True
앱코 K480 교체축 게이밍 기계식 스카이,앱코,55660,https://img.danuri.io/catalog-image/554/706/077/da4a3b8b7dff4ac2a44b2eef1e9144fe.jpg?shrink=130:130&_v=20260617080438,기계식,유선,텐키리스,45g,604,유선,한/영 정각,RGB 백라이트,청축,,,77706545,,https://prod.danawa.com/info/?pcode=77706545&cate=112782,True
